店名,評價,評論數,價格帶,圖片網址
噶瑪蘭威士忌酒吧,4.7,611,,https://lh3.googleusercontent.com/p/AF1QipNGE0lTqvjxVyHiFTi1xKpwXcmDUHVL2ULphRoY=w179-h92-k-no
Yasaburo,4.2,150,$$$,https://lh3.googleusercontent.com/gps-cs-s/AG0ilSyiccML5nAcU6Q30F794hH2HbeZbVJUR03-zHyhO4urQNi4USCpy_Caetr4s46Kodx9S9xYLdUZI3JdGHLXi3hLzX9oAYyGrGqsWZh9D0Tw14u4-rtaUX5nvqyGAVmYqapfP6w_9p0dL-OL=w122-h92-k-no
iomare,4.4,124,,https://lh3.googleusercontent.com/gps-cs-s/AG0ilSz1FGe1RurWk30RvQN3VisQbtuL7ZUbLEkH-PnZ8GgTmqSrLNTddwyWxnWU7X1fdq4wDKJDeNG5LhOhvJ11u_T_1trpjCAy_wSX38sMWabMIEOtM57TR6ZhyUvlxlTefgxkz_hJ=w122-h92-k-no
Wineshop Brücke ワインショップ ブリュッケ,4.8,20,,https://lh3.googleusercontent.com/gps-cs-s/AG0ilSxM1B_9h3tE67Rg-BFAMgEgUZBbOzDH1r3TrYK6i95ucsIHZjAcbBWnWfgaFOAr_gB0fOpjMMgv__j7ifStXJVJ5svzeMoVtwcMBw-PE9xGldVZxgt1vF_ntWEjYHEPNr8yh7c=w122-h92-k-no
L'évo,4.6,244,"超過 ¥10,0",https://lh3.googleusercontent.com/gps-cs-s/AG0ilSyO78WSreAWw8qKucWO2GkEYbJneZXmT6AOnY56MDvhFys0bpjzCDrGxk563u4GPKUw1lKBEVgWM7P6tc38pQ2dhCyIsyRf_4EwGnUnkOGfWIPj-_3rSwU50zLFPnJjnEvybU8=w163-h92-k-no
townsfolk coffee,4.7,421,"¥1-1,0",https://lh3.googleusercontent.com/p/AF1QipMM2IIjCtw9kVEnja1WUpuDo7GiaFuKvGqDrd3D=w163-h92-k-no
Sushi Kibatani,4.5,193,"超過 ¥10,0",https://lh3.googleusercontent.com/gps-cs-s/AG0ilSyyP2lYyUq0jMg1soJUsecDHwXPIEChl_9qmzTjRTlJYwQI83kamNAwEhFNpNIPPW4KEHXgWLurQILqoR-_5TnUYel-Ko5ClUh5Jj1gcM4kCYadF-_o2iyv2FnpwaC1aYh-Zi7P_A=w138-h92-k-no
Ooyabu,4.1,765,"¥1,000-2,0",https://lh3.googleusercontent.com/p/AF1QipN837PqsBM9-lY0OPIhAQKSlVSM4CKdqK2VBuU1=w138-h92-k-no
Pas Loin,4.6,44,,https://lh3.googleusercontent.com/gps-cs-s/AG0ilSy6u3QsnVZxabK3dIhe1BEDoseKddnSiqwvWOMHtggIvMvp8NGd4sbrf2uYT8Bx-tqNlBBRm08RGQAYdHQbAvKqqfuKFJxDqg1nLE8l6O5ccsMHN9CUVxfQegh8fVTUTV-6bkr4sQ=w132-h92-k-no
上海外灘華爾道夫酒店,4.5,495,,https://lh3.googleusercontent.com/gps-proxy/ALd4DhGCiJq50PoPlqvxEQesQmb2imQYzZwSP1puLet3pXbMr4Luv-1Sxrpouhv3BOT3G12kj9Nm7zoE5m9BuxJHdyEWetzmN3xdfsVRgWEliY23ZAVAJ6Sc9JyEJGybZsNfdTE6FprWo3R3ycbcD58TTM4rdGN3mdOCGCgNal5M14ozsrw7zmz6RcWQrg=w138-h92-k-no
心樂麵館,5,3,,https://lh3.googleusercontent.com/gps-cs-s/AG0ilSxkbnzrTxS5t5sTqBlA36TueY-RIHlFuAq04hWbYly7dM10fDyyrW6-IKZThNJvOPcpTAP-lkUi4P6WKtpH_3IuMsdnDEu0fz1-sPmxzax8LcNibFYSHmEAvd9VycYo7vsJthfGmOE0Hf4c=w80-h106-k-no
Tomi Wine Chapel,4.2,141,$$,https://lh3.googleusercontent.com/p/AF1QipMuXvF36W_eH9Mo2HfS6LbrOIEHwl-q-rrx6AtH=w80-h106-k-no
Cave FUJIKI,3.9,45,,https://lh3.googleusercontent.com/gps-cs-s/AG0ilSwMIM9qtnGjaC31YsUolodO3J7-KYLPXWIOTuq9qsaaqP-ih5jHTNtUBv9DRXJ4j2As05LB7scPWHxE8vYb5til43Q2R1DtNM4lEsLqAkcG5vmONHruEu-5juxctBtGzTg0WHP1=w122-h92-k-no
SUBA VS,4.1,177,"¥1,000-2,0",https://lh3.googleusercontent.com/gps-cs-s/AG0ilSxNZCLFepuTVhKYlzS3Qv5OckH2notCggpEOuib16vPxBGZumXaQXDhVVeQ1azOKT7_kF8z_51H4VwSMhSeJtLu5EvRLPKk1NtNm-Z7vm1k2jv5zbASMBPKGQ3XvsJVggEQG183=w80-h106-k-no
Bricolage bread & co.,4.3,1237,"¥1,000-2,0",https://lh3.googleusercontent.com/gps-cs-s/AG0ilSynmdBJb0-aRN98ItEhECdF6Ks8gK-DgGQYa0rN87f8g3w0cmbH0EctW6_WqVKX8ODKQ6_wdGw2aWNGB8UQQ2gaznB7mV-j2MHJcjADfw6K_Inv_r_H3CBnuUhlIR7auv_ksR0fKzl96QHb=w122-h92-k-no
HIROO ONOGI,4.4,224,"超過 ¥10,0",https://lh3.googleusercontent.com/gps-cs-s/AG0ilSxWM9awscUKskllG6GKvvTNXZRIbWCB1OqzFI-N-xfe-Ovm6zCyLUxCz2u9sD4nqj5bGPDx5xxOXGSOzVaOSyRlPkEQp_QoKXKUuSX5vohBPVNziwuK0NMYquiItAdsH-uZyYob=w80-h120-k-no
Hakata Menbo Akanoren Nishiazabu,4.1,1107,"¥1,000-2,0",https://lh3.googleusercontent.com/gps-cs-s/AG0ilSy2oT6pmXa1IbEUBIR_1plw6a2upZZLlKBKCK5tdvWQ9wJot9mj6hASAuSJgAUlEgqhL4rgBLbtmcJdaoHX2q0zCesP-JoGcNg7IR_Fr2S9cg0h7EJ1brkQXjEmpOGca1qNtrDWhla6LuBP=w122-h92-k-no
立食壽司 Akira 築地店,4.2,222,,https://lh3.googleusercontent.com/gps-cs-s/AG0ilSwFTHnKAQoCqWJ69XHNnQSqJJ5FDEDWRE275ZyhibxzoihDAi0fcVQpiNaPO0_hniZBEvVGpCR54InfYQ8SZcxkt02z98SrqLKpePbdXQ4gFT4i0zUezwlyxXNEyvcDnz-eaVvqX1LH1YlY=w80-h119-k-no
蠟燭屋 Premier,3.8,69,"¥1,000-2,0",https://lh3.googleusercontent.com/gps-cs-s/AG0ilSxrWLdxLMt9gMVvTD-oOikjraRK6yCXbq8FUb66YQpmlswKwvjV8vTgZRJKy0e3rBMSOUkTvsl3yS1712jtmDpDbTbo551vaNCbrdaVPRjcTOZC36rlbpgyT7GWLJGvizUBzmsR=w114-h92-k-no
川雅,4.5,201,"超過 $2,0",https://lh3.googleusercontent.com/gps-cs-s/AG0ilSxKaw1izGCnQOCwFzJI6vC6kZxZE34uskgNrFkyPTOL-R8vxSb27oAKd4Qb1PUdU0UaysGGjkvMyJqwTk_RuW7kZvcrb_Sgz-fkX8OIkSmxAdjWJSx5dHWtDJWOW3ZeXV7gmr0hDST1pX_6=w80-h106-k-no
酉志（任何問題都可臉書或IG私訊聯繫，謝謝）,4.3,499,"超過 $2,0",https://lh3.googleusercontent.com/gps-cs-s/AG0ilSyLXjD92XMAjOyk5X3ZqDwMCs2LWoEY42MPhWLLLCuY1YLCyM2lWK9S7mOhtfdmhdzBs0y-gYpDSCXqXV7rxTERxcUcsqfchlDfWZzan_BN67mAlFtimDPn4vzyAw7JPKE7ofM=w122-h92-k-no
Can Nature 肯自然葡萄酒,4.8,201,,https://lh3.googleusercontent.com/p/AF1QipOQ5mSAizYLLuHh77wRiL8gcsS4XiJmtzuF9vvO=w92-h92-k-no
Fermi,4,783,,https://lh3.googleusercontent.com/p/AF1QipP-vOK5e6atldBhIFpUVjX5Zaj3gmYCBiHLEwIO=w80-h120-k-no
Marie B,4.7,329,,https://lh3.googleusercontent.com/gps-cs-s/AG0ilSy57lz-m37Q041LgnZHmLNIbPrbCpx84ulwT07WBYbV2dzr60rDRXrnMbdBDaABtjC1S3PAgc7EasFeBSMflXQF6lu2FbKJsuqFSKxJVIm6WqYm83HrWy9_cw5w8-oTMTAYdlY7=w80-h106-k-no
Vin de Marie,5,5,,https://lh3.googleusercontent.com/p/AF1QipPUUpMxz3y1AiRtGGksFufjKG6BspcD94EhhbuQ=w122-h92-k-no
Bokovka,4.5,715,$$$,https://lh3.googleusercontent.com/gps-cs-s/AG0ilSxfOkrIJ5vgyfLgRm1T2xoyRaQ3y93qZXceBt9m0OY_FOypnn69Caons2pCafZVt4Xr9GUk-_Eo0rM17cEJj-iNjGcI0EEqwFf4dCmCLkiHmAF0MR4rRYa6lRrpfRbTXKTCpa1reg=w122-h92-k-no
Kantýna,4.6,12605,$$$,https://lh3.googleusercontent.com/gps-cs-s/AG0ilSwT-lCwjaFk2PlmpO_9k4-tblySYN0Z9CFNbgBORBGy0dVYQQlKLoLrs8A0yC25yadj2KOeBb0siwxGBtTqi_4kbvgluR4BHHPZwDPMV_bmkCYU_ArCvO5irMIO1b7viQpX5V3wUMc5l5VW=w80-h106-k-no
Eska Restaurant and Bakery,4.5,4910,$$$,https://lh3.googleusercontent.com/p/AF1QipNpfanuIJu2rMvBkB1qy1_-P1PnfkQc9wgpl9Sc=w138-h92-k-no
Naše maso,4.7,6071,,https://lh3.googleusercontent.com/gps-cs-s/AG0ilSy9Siypqw2OCkwgBUC0FuRQ8_UBev_VTWygtIIfD7G3diOoiHSizffQ6eDjRPKRZl-i6cpuF0dfNKLAprx6akSmYzJjDE5FQbsK5YBy-dRem45pvNtDMlwSoLG4fCWqxm5g3jtp=w80-h106-k-no
La Cuverie De Vosne,4.7,73,,https://lh3.googleusercontent.com/p/AF1QipOHMj9akklpU0rjzDpl1YnZhdhrXm3UEFjIxzDU=w80-h106-k-no
Restaurant Le Soufflot de Meursault,4.6,497,超過 €100,https://lh3.googleusercontent.com/gps-cs-s/AG0ilSydXpRlxFrrDxaFyHmELRlzEV4JMPGxXaYazZ5lmk1XQmW2KAjd46ZqNxSYpJe0Cvh2m4HTJ52c8k6iOGU--onF0IBWlpffkuIXJQ4ebuGucuHbgjYZHrExvCtzyroPBSZiz6i3OumgSP4=w122-h92-k-no
Rebond (ex Maufoux),4.7,402,,https://lh3.googleusercontent.com/gps-cs-s/AG0ilSzdnMbQ410nHiuLz7vSB9jFpmrwtkA-Y3q36-5rzgcfMHuuc0GZmuiP72NwwTFtCgGefcd2otuOAkbwjWzKYgOGmNKoYvBsyhOcI5jT0Kp0naLPFq4NmTGMl_MB6OvF2HzDcgY=w80-h106-k-no
RUFOUS COFFEE ROASTERS 2,4.7,704,$200-400,https://lh3.googleusercontent.com/p/AF1QipOpjHa-kC1TS45lby-4cEiSXBdF8Jv-3o7OODgq=w163-h92-k-no
The French Bastards,4.5,1935,€1-10,https://lh3.googleusercontent.com/p/AF1QipNxFryldstMiydSjAZN_pNCnAM18-J5SerEznza=w80-h100-k-no
Sain Boulangerie,3.9,517,€1-10,https://lh3.googleusercontent.com/gps-cs-s/AG0ilSxPJx3n_M3pqctUa15P_INmCQRpSyG4vBxzVWIAtrUZknOgnYCKA4OL81_Gch7FONIrjXwyoptzMhlrUbTLsn76O9DVttnRU0G-wnzpqsHAs98RoPnzIPBW82Y9IZiWwLGGeYSd=w92-h92-k-no
Causeries Paris - Specialty coffee & natural wine,4.9,136,€10-20,https://lh3.googleusercontent.com/gps-cs-s/AG0ilSzFbv1PxpfR2mGcMHvGjrbpmP1rAqEDDHe8L5vbVoWv24Pz1cs1AX6HK2_AhapeCjBVcdCcbp7qaY-ww0Rh7jOIMGtg6-9Vdy33MlFEEwyHgPO4wt38xMhMOpM-sl-u0Xzl1JU0mgX4rbc-=w122-h92-k-no
Motors Coffee,4.4,1663,€1-10,https://lh3.googleusercontent.com/p/AF1QipNtKd8TScH0o4i2Tzp659p0NiLNB6WtfSThH5Vk=w80-h106-k-no
Télescope Café,4,502,€1-10,https://lh3.googleusercontent.com/p/AF1QipMqlm_Y7RU6cmS41UY99oseohpl6jD69ydjsF7n=w80-h106-k-no
La Taverne de Zhao_Opera,4.8,6623,€10-20,https://lh3.googleusercontent.com/p/AF1QipP8Ms2CxZLwKO2ljKsThpNF-NWF3h3ZysDZl-7T=w137-h92-k-no
Ha Noi 1988,4.2,1854,€10-20,https://lh3.googleusercontent.com/p/AF1QipM4QKrd4AyP4MHxY88ONiEaxRaGSVxIz6xBCgF0=w80-h106-k-no
Cave rive gauche,4.5,24,,https://lh3.googleusercontent.com/gps-cs-s/AG0ilSxKb1pjw7GJ0jhDDNsule_ZtlqVMu1hYmjjjpw0TpBTklIxjq-wgJHcwYYPbKHOq8tnbqPVt1Wv5V_9Ruu1hCYQsJBzWwlOaVbCnGPpGD-4mQf1fRYqUJyIAB1gr05SL3-bvRU=w147-h92-k-no
Delicatessen cave,4.8,261,,https://lh3.googleusercontent.com/gps-cs-s/AG0ilSzwQriQbIuuROgVmOwFtNBxZXcK9ytFlaUEz592zzA9GYSCr6ay9PvNWRZOv-Ke0WkMs-23gSnczj5JKqQZLBgzEr8t6swK9uZdd2rZUsYkDGODvuyOYlNNxvtWi4DyufU_xU0pLg=w135-h92-k-no
Liquiderie CAVE,4.7,347,$$,https://lh3.googleusercontent.com/gps-cs-s/AG0ilSyVW181AodZtQum2PQEWoAp2a3Y3XkyLzicBxMSPHoLetT8YzswZpjLki2mUkCjKdtH4A2EnzBA0IJsHEo5Bx_Aj8atVoP_rkTuZtxNyjsycgt74BQr--agamMzrdZjIhvMyAsyswl4I_AA=w80-h106-k-no
Les Caves Legrand,4.6,541,$$$,https://lh3.googleusercontent.com/gps-cs-s/AG0ilSzBZ36YfQPYwwTZI1dTKpxYhGxzdEfe1Ni2j2pTxCN4cjuaNypi_dchwJbT5t2NKWlfSqXcWxZP8GmDsxOgaA5zGGUIT6n_PCF0iiQ9PwMnHlrqwXiz_7DXSdVnN1-g1DJ0-HA0goG4kZQr=w92-h92-k-no
Le Mermoz,4.5,358,,https://lh3.googleusercontent.com/p/AF1QipPvM92oWX_IRL_2ekkz4vo9hE5jiISdk3a08pce=w137-h92-k-no
Augustin Marchand d'Vins,4.7,181,,https://lh3.googleusercontent.com/p/AF1QipNuhv0eEOxQwbgRSgnR8DK8Y1R6OWDiJTRGGq9x=w82-h92-k-no
Le Verre Volé,4.2,1070,$$$,https://lh3.googleusercontent.com/gps-cs-s/AG0ilSzfHKzq_7ZDR2EFZ-H0VH-LHo824Rnstlkcv-VIXxU2pct96siF10lUsnYbgCOWKvE3hTb9Vq3gyuRHsxWj5kUZW1ipOzVWE5VMVydNLp_DVJKWHjKOJibvNp-gqXaCvtnmYbvQjQ=w154-h92-k-no
夙席 — 深夜炭火串燒｜YAKITORI｜燒鳥｜品種土雞專門店,4.7,235,,https://lh3.googleusercontent.com/gps-cs-s/AG0ilSzkGd-U5Oh1CsmraNbC6gWWarkZ-appgZaQo7rC4g8NX_TSlrklWL5xguK7oefAYD9sKJrHIBrnaoDf-iYwqictsElRlrOYWJ9dKJ2Ic--TDLbjEuDKgwqzRJz5tUup=w80-h106-k-no
DORNER FRERES,4.6,544,,https://lh3.googleusercontent.com/p/AF1QipPAOjAPJhyY8-m5hlfVeNFwtZdyWjFoVOG04SRy=w80-h120-k-no
Épicerie Comptoir Mère Brazier - Halles Paul Bocuse,4,48,,https://lh3.googleusercontent.com/p/AF1QipOX9-Wi5Uer9E5bzeNDJRYaeeIV-gBKTghyf8mG=w97-h92-k-no
CHEZ ANTONIN - Écailler aux Halles de Lyon Paul Bocuse,4.7,437,,https://lh3.googleusercontent.com/p/AF1QipPqcZtaKIBiyKWduaFD7IXyfd_W4_R9m2G68WRs=w80-h99-k-no
O Wine Angels,4.5,89,,https://lh3.googleusercontent.com/p/AF1QipNyUqIa8VyX7CkJf5bXQethp0ZWPAcWAY2Pbl-0=w80-h106-k-no
Illustre - Cave et Bar à vin naturel Vieux Lyon,4.5,181,€20-30,https://lh3.googleusercontent.com/p/AF1QipNs8_DSw-9IpjHrOFJGcZdsq1k5xQ8PoNFdRFuL=w80-h106-k-no
Le Troquet,4.6,427,€20-40,https://lh3.googleusercontent.com/gps-cs-s/AG0ilSwPdqo3vXiC2dA9vn81XSSzlX0a2rFyrOgOhtVlNw9w6YpHsjplM_h-zeFJl8htO6BZxuNuze-VKjht3CnL8NDM8u0wUanQQcE_nJk0e-HF9mmvgiWRlOen08UFPfVYsEoQkPQ3xKdcTwzX=w80-h106-k-no
L'Atelier des Augustins,4.8,1520,超過 €100,https://lh3.googleusercontent.com/p/AF1QipM9wjyPfKe2Dq8DvtIGPZcPyDWif3HcXZpfVxeu=w80-h106-k-no
Nokora Specialty Coffee,4.9,226,€1-10,https://lh3.googleusercontent.com/gps-cs-s/AG0ilSxB9M81QRdkghmTfvHl775kUUCad5323JgjiAVMvwwjkrkdg9ww2dvTSOdMoKEof9ycz0QLC-SXGlAlfYewkP4XBnPsQaE6ggKEojPBknujvYZVz7ZSMcMa37WYJynQhxDHZQCE=w80-h106-k-no
la venta del romerete,4.7,312,,https://lh3.googleusercontent.com/gps-cs-s/AG0ilSy31QZqkacwVWDactP2p4y7FXX_WM6Nmux7JfBGbNhGgMD_4yr2FnN6mTfS_4ojdqFN2iF_ppNoMEri_5QtM6K2d2_RHLVJu6am_i5YCoBjkmbHPJxwZBBnqc_1dM5x97CbX9k2Vg=w163-h92-k-no
Bascake Bilbao,4.6,1300,€1-10,https://lh3.googleusercontent.com/p/AF1QipP1DZXLyXqFdgrgNIyjhaDcoohIcWVXpe6PE9av=w122-h92-k-no
畢爾巴鄂古根海姆美術館,4.5,91539,,https://lh3.googleusercontent.com/gps-cs-s/AG0ilSyDA1YTyqXquOoLyyvTfHTY2uFldPS4CKW7WSHcq6WdEu3B9FH7Xru1PcsPevfK9rINTes_ZuMI-n7mCNXVAJmCP137syPZiWcYHyg8giTJU05P22ePafwJnRHsadPJrYBIq7sudQ=w105-h92-k-no
Txispa,4.6,144,超過 €100,https://lh3.googleusercontent.com/gps-cs-s/AG0ilSy3llkdK7E3s74lAZotbMXF5F7NSJzcMtg9QKKyP9pA3LXI1VOxZd0nfEzqFsXDqbnHY8iM_q2Sw0eDehvo2RE6tqlvRamOkKlpEOkRxPZ0TYSk0Oye0whagl3wuHbIkvo5VRgC=w92-h92-k-no
Lanperna jatetxea,4.3,444,,https://lh3.googleusercontent.com/gps-cs-s/AG0ilSz2l6C6KxTHXIFlgj1Rn4YoYw9Y2ridhJur_bonvK8Kr9QP9mmgqG-uPvYeEw5NuxAtK8709CL8ChCJthMXOE0dCTaZQCFMJu78gm1zBWXYNW95ojLI398mE0u7Jhdv54x7JBCNoVFZ9r_6=w80-h106-k-no
BAR SPORT,4.7,8092,€10-20,https://lh3.googleusercontent.com/p/AF1QipOigN8kcJ3VABxrjqUav-Howt5P6JHuFhTVH42H=w156-h92-k-no
Gandarias,4.3,10034,$$,https://lh3.googleusercontent.com/p/AF1QipPro-yXDnBfDaNbt-GURPsUYSDcMqTKqGfDY-2i=w163-h92-k-no
Ganbara,4.3,3168,$$$,https://lh3.googleusercontent.com/gps-cs-s/AG0ilSzZqQWLqD7Tmoa7CqcYT8Wn3deW4ZZFil_gj8JcYBrP4h0508BFzuKAZgvLnKvsUW4zC3y1nfwg53XfEUKRfXd_Oxoj3Wy8bSM57cSCGF7N5u_YPNoXtuIPwR1-WdK134Gg-kNAPUhIp1I=w107-h92-k-no
La Cuchara de San Telmo,4.6,5563,€10-20,https://lh3.googleusercontent.com/gps-cs-s/AG0ilSxY_oIj74OwOT9XeZ8yr1t7EPveZn3tTHGxo32YMbGWH7J6ogqm_16Fhh6KrbPQ7TvjQ1O6hJFiRfD1c7Uf6Khn_LNDJp_AqqTw7AnIxfAiev8yYQ7OaHSiP9FbLNfwgf6bOV2U=w80-h106-k-no
La Viña,4.4,8596,€1-10,https://lh3.googleusercontent.com/gps-cs-s/AG0ilSzrP_FLow0aKFF_SV805VRSYrSRKJwpdLNBJFeq_K1H1OdMnSrc-_GwJu-SyQVm6jyWFfQdhcJXHIz7crnmmt6-aT059Ir5WfbuagCfMtC4T-3YQjrp81-sJGeKraadaLuGV6mDKiD8ipjd=w80-h106-k-no
Bruno,3.9,104,,https://lh3.googleusercontent.com/gps-cs-s/AG0ilSwVYbcDBcQ5ixp5oIhfHuH4FrGK_ZXHyvTWwPxtdOsClSc7orVe5dFxUhG0PlfeUBmxRXXOU9bJkmBWt2IN4A_x31xSWweQGzwJoctfEDuqh78S8SuDsQSDwXseMQSRoeczje83_A=w122-h92-k-no
Los Caños Haro Restaurante,4.5,427,€30-50,https://lh3.googleusercontent.com/p/AF1QipP13DDo7iURHmFSHMogZGsQwQY2gUmn5-JhHBlj=w138-h92-k-no
Laia Erretegia Jatetxea,4.5,1404,超過 €100,https://lh3.googleusercontent.com/gps-cs-s/AG0ilSxadsSTvULVN_4beYtuYsZ2E0sq4_xfu7ALLh6tltaeFcznUrxsTR5QQF94x36LMReIj_ufo-Fu7JTN7CpG8hDJdeOuk1giPLrO3nYnIp8FhIL0ZDvtHVs8DZd8nVOlHZVG5jnnX3SvT3GY=w122-h92-k-no
牛肆,4.3,1379,$$,https://lh3.googleusercontent.com/p/AF1QipOi3EY5P3Lv4sQPVjiKSeN8UHDkmvHSXC26WcY=w138-h92-k-no
清真中國牛肉麵食館 (大安),4.2,3588,$200-400,https://lh3.googleusercontent.com/gps-cs-s/AG0ilSy5xXBWb1O9kV1kD5DjM1jUn0wvN4dIjC0CsPMwJLa48ULC3Mo7O6tUVj-eILpnEE8LiyGv2ss1SWWbLCvH_abaS15kfdA9cJTGHFPEdphGveJmugTgtKH4OZIrUm8NeXc0yv8zNA=w122-h92-k-no
財神台南擔仔麵,4,1092,$200-400,https://lh3.googleusercontent.com/gps-cs-s/AG0ilSwxpLIaYYNMAWT2rzeaqRGZPaJaFtFOAU1xa27h27j8hvNHfq7ie7zNXpPJ-2CwZrXvFNQ7x3TVoyaxG2pOVZ3mrvMZNrMsOVjmBmPYo5-eJpawRqSNuPy1QGul4HVNgwxHLjxA3untRxOP=w122-h92-k-no
KUR,4,25,"超過 $2,0",https://lh3.googleusercontent.com/gps-cs-s/AG0ilSx285I11dZ6Ccp8FQP-1noC4ZUiF4boIUHQ82ShSREy_8VVT-V-eSBS5glrZpi5Zj5PxVFRvEPQqGIzG6YHjWnjVIdEj8_AzTqQBgC1sr9i7x-BK9MvW7MMqSZMFqnq_rOypxF0t5vuSOiO=w122-h92-k-no
赤綠 taiwanippon,4,451,"超過 $2,0",https://lh3.googleusercontent.com/p/AF1QipP2Sc474Q1Y2RdULBbcqXRmtF7tx7Eqgl-oxW55=w80-h119-k-no
辰日本料理,4.4,180,"超過 $2,0",https://lh3.googleusercontent.com/gps-cs-s/AG0ilSxFgDEEtWZF24KTDaLsRJz5yjOE72prg6tBv9agy4roW7IreuzOviWrO0pQNISqkG_l7eNK3yY801_k-GCVWhWEb-2dC5ib44SdPicU4WD7AyGN9qSgCo1vU8SA9nAnOJgnfuY=w122-h92-k-no
愚园路140号,,,,https://maps.gstatic.com/tactile/pane/result-no-thumbnail-1x.png
武定路975号,,,,https://maps.gstatic.com/tactile/pane/result-no-thumbnail-1x.png
威海路590-89号,,,,https://maps.gstatic.com/tactile/pane/result-no-thumbnail-1x.png
"31°13'38.8N 121°29'50.8""E""",,,,https://maps.gstatic.com/tactile/pane/result-no-thumbnail-1x.png
TUTTO BELLO,4.3,1185,"超過 $2,0",https://lh3.googleusercontent.com/gps-cs-s/AG0ilSwBGXbw1Nq2Rym0aR3a85raNIySIbmpsksUD85p6ZTQf5J-6lXl30v0jhvn3xOW7jphu2iBJVi3-ZbwXzEqQOOBIbivTsM4PADie256avcfIFM5QB-gyhl_kS46C93P77TY0P37Fg=w122-h92-k-no
三條蘭州牛肉拉麵 Three Spirit Noodles House,4.6,461,$1-200,https://lh3.googleusercontent.com/p/AF1QipPDqf06BpClVLEDG3ZksGslorjN7sYYUTiufmEZ=w163-h92-k-no
Moonshine Coffee Roasters | 私釀咖啡商行 (敦南旗艦店),4.6,534,$200-400,https://lh3.googleusercontent.com/gps-cs-s/AG0ilSynMwPuHXe0dD1Vid5Ik30-n-9Ynpkb5B-EfgfKNwaise7nSkAFmc8Rz_974rUBrQCchEPM0mZCpyp93iiyc_jFBIgWD8tZDAMU63Hs_vt8RNzggyvRVhrozEyJWIBXMtokmIVa=w122-h92-k-no
東方明珠電視塔,4.6,7211,,https://lh3.googleusercontent.com/gps-cs-s/AG0ilSxCJ_OREhLJM5SIIuhpKzu19e9Y7T78UXBsrjWx2rB5Id48FYnZRBZ9LHh9wA8GhXsL0whnlS6_ILcRBTkcNaL-gz81B7rVZ8ZBqyh7K05_zSNxBbzeFathskayUdgbmNgNUoGwdeThnlTW=w80-h106-k-no
Polux by Paul Pairet,4.5,100,,https://lh3.googleusercontent.com/gps-cs-s/AG0ilSw8x0iheTebfU5eh7s5Vd0Jt8ky0bpg8MKvH7GCAb7aRYE74FeOc9mHM2bhTHMsoTviBJf0o73YUMpMHhCd1bKnq8Lw6wpL55fOUzwiFkwN2CE1grCLnKIs3kQu47LL5qHSgF86HY73ffU=w80-h106-k-no
基隆廟口22號蝦仁羹 豬腳,3.7,785,$1-200,https://lh3.googleusercontent.com/gps-cs-s/AG0ilSx5pXZxhaSR_jQjlq8DGZQq9W6Pd25txrzzYfpg7-yiRMsGqIyq5Tmnt8MmKF7Ugxxo0CRKKPNu7o2PtI3Slh9oZ_s3mACAZwCXkg5i8hBoTd7ZTRDvTYU8WuCfZdRYkqsyzZ55K62MXkgA=w80-h106-k-no
すし謙（ Sushi Chian ),4.4,52,"超過 $2,0",https://lh3.googleusercontent.com/p/AF1QipMB9mbyO3IP2ol8mAmlyUhZgAfbYQU4Vknc6ECF=w123-h92-k-no
隆次郎燒鳥.串燒,4.4,566,"$800-1,0",https://lh3.googleusercontent.com/gps-cs-s/AG0ilSzMUHJ0h37ay447m8DDgFr1--etfbQXYQpmTuI8Cfu6SGsXhKuVC5D9QY9cRVVUpRMpMiifNQahweIa5MfZ2xzXEma-cI9P4q-7D5y0kFtshFaPqET3oXS_SGQDltGL00CVpgaCHtkTuK0=w163-h92-k-no
台北市民生社區中心,4.3,3162,,https://lh3.googleusercontent.com/gps-cs-s/AG0ilSzzx__IXUkxcRrwzWTLAigwJb2SoWQtl5eDDwAVmLXtGz8vDnu2qRuMMaRJeC0s6Sb8tuARWmky2h2cHzpuuew4PGHwICbF78VtC0LfhRQ9nIQNNft6VwJEKZnizuA_CyQIKZcq=w131-h92-k-no
LilyCoco莉莉可可,4.3,261,,https://lh3.googleusercontent.com/gps-cs-s/AG0ilSy5VQNrl2uVuKg6cwa596sKH9Zk0CZ1vd2fdCAA-OC0hW0DE_KYGof2y7Gchp1CmoFXxCv27z2kSMl0m1FE6qAp36sFWBE1jNdDhmS1nzaV-wgcpaxB31aj59p38sCnQG-_gEwHU5ALJTnQ=w80-h106-k-no
新疆辦桌（預約制）,5,9,,https://lh3.googleusercontent.com/gps-cs-s/AG0ilSycjCFNmu7jr3mGwW3b3R3WJjk8EfLtW12AAJCjpUxc3bNzu9JOKTwA-9XhcymT0dUGOAad57-YNkD2T_fxUyC25yhEl3SDMmtlsGqmIpqw7jphCAF9byKyO463vlJPgexwt4A=w122-h92-k-no
瑞帛咖啡Rebirth Coffee,4.5,682,$200-400,https://lh3.googleusercontent.com/gps-cs-s/AG0ilSzcDYdlvRF_wlnK7wQOvt0__30b4mD-lTSn4fb7bFnd_THqoClsiIhvQRwljNZbHE12lr737PAQaFBZSLE1YnLY-Vtz8Vp_iKR3ugGGEtawHSb8GrcILTdW0MGuIASW7cPDz6-f-g=w122-h92-k-no
Munchies Mafia,4.6,316,$200-400,https://lh3.googleusercontent.com/gps-cs-s/AG0ilSwED8wvenVRytDJlO5QgzPDUx25PQBLETCtzD05QT9xphnFAxsSzkJkCkZQLmRZoX7azUfbHJaqYxFfnkRCZ3xvbxnnMAExw-gRbbm6ZkOFTR289kXiTdQIX154wC8_9gp-57cMJWSQk7RR=w138-h92-k-no
Oasis Coffee Roasters - Nanjing,4.7,224,$1-200,https://lh3.googleusercontent.com/gps-cs-s/AG0ilSxztmUS27oak2cj0spDIdva3NJDU2znh5Y38PEKtPhNDGwqKNKsQut_-v1_ffuUCEmH0p8W62z9PSonP4VnSnBnRK8Ga6ffPN_Z1v2J_6Dmdlg--7dz-Hi-Tssxd5uXwJU1j8Y=w123-h92-k-no
Patty Addy Burger,4.6,540,$200-400,https://lh3.googleusercontent.com/p/AF1QipO2hTQq9AhLJBcVnFkIvp8i0rVrxEoRkalvRKjs=w138-h92-k-no
kikumo Abies 松杉,4.8,36,$1-200,https://lh3.googleusercontent.com/gps-cs-s/AG0ilSzbtJB1GpN1Z-BWZx-d8xuW4Z73toEPWv_XLknPndszLhfhqfZFS2PCNvfAQSSHrjz003BueUWbyuuKX8WwlonvVl7ufrn0PquwYdXyiDnoMhqak7_QAtOLnWvbLV0hevEjUsyzq2Ajr3E=w103-h92-k-no
0km山物所 ↟ 1/19、1/26公休,4.5,627,,https://lh3.googleusercontent.com/gps-cs-s/AG0ilSxcxWLHu4g0B0UNGYEEVQSBGFcIKXBfksQiKsvJI7eudjvueMv45WekqBOdVsRyuiL8nKVcmh-6c1pBjyf_Fql_I8-aHfDDny6mPnwM1YRNO-7pIi13XcCp4-S629Hf5FJm0FFdml4qnHsC=w122-h92-k-no
老童小吃部,4.5,667,$1-200,https://lh3.googleusercontent.com/gps-cs-s/AG0ilSygTGxCriv-HUr3ZlVLFi6z5erH1VcBDre1RrjlygcK1ETURprlm1XZ8Q6bwcM1m6I_Cm3ObpudBvA9nx3-64zFgt6mS7fwuWpF5QW0VZG_d6jLRM6VqaXaeOGc-hKSv5QMkCrRq65EruEV=w122-h92-k-no
Graft 接木酒食,4.9,68,,https://lh3.googleusercontent.com/gps-cs-s/AG0ilSzyfkr_l0fuuvRJxNLWYHmIwhZCSj4icH3obY7jtdS_K2iMqhx47zK7TGrvthSjiTXNssqvfvKfo3UPGJcBXqYsqpdYrgXEh_AWRnSolz2M9Ad72gwg--5Y1R7TNKmb6ur4pow4XavmSBTR=w122-h92-k-no
ZEA,4.7,256,"超過 $2,0",https://lh3.googleusercontent.com/gps-cs-s/AG0ilSyDDSbsTXpN0TlFWIq5zCKgJjbUMZdO7rXzazTmNtu6wE1VAB8VMdIGh-DDdoY58J4ATKpXuBaNoPfImguUv0UkgwH-ob4tarWJLSMM1hUMnLOyV7cVlczVtyivwOmN1a1jh4SoBw=w122-h92-k-no
湮鯱,4.3,613,$200-400,https://lh3.googleusercontent.com/p/AF1QipN8FpTqYKqL2ArJAZd3bHR68_-s36bTxxVsfE2L=w122-h92-k-no
花滔廚房,4.6,769,$$,https://lh3.googleusercontent.com/p/AF1QipNU2F05rUTeZNFptROupvhlx0gFtPdZYWVy0pIB=w122-h92-k-no
SeedDown Please Cafe,4.4,35,$1-400,https://lh3.googleusercontent.com/gps-cs-s/AG0ilSxrz3ZN0G12CZj7huIATf6TKVWtnqoiywJnKctBcovehz_CXttwOQvrfQfhMErdHs1As1-hi30dGWWMtSQDNi2YC_WJ7QiZoLUdV6KrTI6ycdFUW10u5bpp62-aMp5gpPZJ56oZu1M8olNr=w92-h92-k-no
INITA,4.8,208,"超過 $2,0",https://lh3.googleusercontent.com/gps-cs-s/AG0ilSwp_vg5hU9ZPk84OdXYCrD9sMpWmNAVHOQLzmoLX9LHGgn-KT_RXLPlDPJppBEEt93ylSJZW-8r-qkSsiJ5Zbb3dXLjaDf88zLYtjeyfqFf2Tz9typudvj6sJMMSvW2cwXkVwVLhNCT5O7e=w122-h92-k-no
牛肉麵．雞湯,4.2,4236,$200-400,https://lh3.googleusercontent.com/gps-cs-s/AG0ilSxJPs-K7tZvJpxwbyCH5k_KvUoA-JVVJ4ozbx1nFRk7jyLwRu4BijGsE0NKKLc7bbDstqmAj74aaheW1OVrkkS1QswwuVQV7EeRPlfZVEYVAElmbRB2Zcv6dZIhxjnHbPMRSGJ_rDsm9NJ6=w122-h92-k-no
江蘇菜盒店,4.3,1713,$1-200,https://lh3.googleusercontent.com/gps-cs-s/AG0ilSyCrFYi5xT9WkpCk_mxeTgrjXqTOoHP09usR-X1TVMSIQwSs9scIkIjanDU42JCp7d_Drq7sOexpBFm8vrD6iNboS_nHXt2NVa8v1fHchy4CbGpAyBvnbIlh5x_WZ3MBp1til7xHNjSsGI=w92-h92-k-no
Coffee Underwater,4.7,735,$200-400,https://lh3.googleusercontent.com/gps-cs-s/AG0ilSw6tJckUgeoW0Ugr0pnUvmvT42mYeHu3mr61iH78xEr8mUQMZbhOZwlH8uPrEHQ2QBl-FaMuIH0SSWPOLu-xrxOntCgEPJpLM9yA2aPHO1cnvGKoce9xkhnMdLgiCnHWxSLR_Yt=w122-h92-k-no
AJIMI - 割烹．味美,4.5,74,"超過 $2,0",https://lh3.googleusercontent.com/p/AF1QipO0K8DaAC3QcWTNlAdf7kiQnw2ULFL7NIMA9Rol=w138-h92-k-no
元紀 • 台灣菜,4.4,338,"超過 $2,0",https://lh3.googleusercontent.com/gps-cs-s/AG0ilSxD5H37iJLJz7mJmCXBYrB0Stq7Dz9BKYBRWQdsDUIPKcA-4ez-EyxSsqcdMlGrb63pRbFbqx2Lo73OCZgsKD0NLgmM9z4dDSyAmAxZUEaVcM_n7wfu76ih26Mt6liQeJ-iCEu6-8XqdfwB=w163-h92-k-no
鄰居酒吧 neighborhood.winebar,4.9,38,,https://lh3.googleusercontent.com/p/AF1QipNLpS3RaRtMil7VQJTUafRqfoyoWKNkji8zhzgy=w163-h92-k-no
肉料理·福,4.6,50,"超過 $2,0",https://lh3.googleusercontent.com/p/AF1QipMzOGNd2eWAyZRn9uJRfngqtwnGrhl-U4liNgEp=w149-h92-k-no
Bar Leone,4.5,559,,https://lh3.googleusercontent.com/gps-cs-s/AG0ilSx41AEPljo4QL97dHpU3SbdEbk1VSgb_YCJsAsltbHnjpI2U02mnxxREJ6DAdgTT7uHdVeMRSe5rccAS4UyYiwAZKl6mKMRXoaNevhucK4xwiFN14AMRPA4S0EL0CfwVZkPTZRn=w80-h106-k-no
厚德飯店,4.2,84,超過 HK$500,https://lh3.googleusercontent.com/gps-cs-s/AG0ilSyjeCqTf6hObHV_imho3KxCDOe4xT9d9I3sI9oqcvMrf5V_9nHdoNQ8BradNAdCnTrfHOBsUvqn1Kzh4B4hciRSdnmMF4e9Wc65u2wOeD82HZhKKJuqgg4XXqcrcHwZ5lacN42E9g=w122-h92-k-no
華姐清湯腩,4,2656,HK$50-100,https://lh3.googleusercontent.com/p/AF1QipMg4MbMMW40OM0gdVRX6aKduSs7IiP7o4s5dClY=w163-h92-k-no
珍姐海鮮火鍋,4.3,348,HK$50-100,https://lh3.googleusercontent.com/gps-cs-s/AG0ilSys65HDRE1oo_TImISRYhJeul8QVbGeln7OHyRqFriD7kOyViQ3CISLv-nS0i49rjDIgvLVy7blRiN8rUy2PA_u0ZAQiWwjoIRRHVGAHQh9u0wMWcrlujsO1hn5aD8qaz4jQXyWChgK6VCY=w122-h92-k-no
Tell Camellia,4.7,266,,https://lh3.googleusercontent.com/p/AF1QipOB1FTTkIPSl4HZqTbGwWkdQ4OWvxn_AKmwvsrz=w138-h92-k-no
大班樓,4.5,725,超過 HK$500,https://lh3.googleusercontent.com/p/AF1QipNilsdaGwjdCM51DOI7XlC_mVXX18VnmwNgBGZj=w126-h92-k-no
北外灘,,,,https://lh3.googleusercontent.com/gps-cs-s/AG0ilSzKYNaVxuwLfpKdErifTJx0iVnT1JJON0tpfez_WgHHovu0ieyChG0keX3qPJufW0kKNPBZk58RgNa4hem4Blytz0o5AReSTkdTOLQVQm6-2Ad0l52cCuGGjqGtxQCSTgYbLW7l=w138-h92-k-no
八越河粉 PhoTam,4.8,141,$200-400,https://lh3.googleusercontent.com/gps-cs-s/AG0ilSzhUTd8W-3vFWKs7eg8EAj-9E5R7yfyxfGHpIgjEtWncG8errvhU_oS71u1-zr6JBV6zZeRfTQVlNhClXQ2LL8HlY-7za1bUlcza1lANkzKdYoao1JJddsA78H-NvgY33Kg1gek=w80-h106-k-no
WagyuMania,4.7,146,"超過 $2,0",https://lh3.googleusercontent.com/gps-cs-s/AG0ilSyLZZN-v0T4rha1yo2hO86tVhRGmwL8RVv3Z2NqphLcYbPRaZ3A-uAMSCAcxwdBpHXraSI4bzk-ETGBjn3wyCG3_HFGyZjbpclsX1MvnddXOugE0g3GEPw_vnaMYJnKmkGHe-OU-A=w122-h92-k-no
Restaurant A,4.7,267,"超過 $2,0",https://lh3.googleusercontent.com/p/AF1QipPMfHRMKfPOy12ORYuHl2OQ7_TCQQBIsQIIWwkm=w138-h92-k-no
A N G L E,4.5,826,$200-400,https://lh3.googleusercontent.com/gps-cs-s/AG0ilSyTsVWu_1bX9LOVOHLWb0efCs8TVo4J5nYpOgio-u4bNkgL9hg4tvT9g_dS1TTSisOswWGdFH-LOWmhnHYqURfU4zNm8vzHN8BYb2d8DoyWMbAK3Nr3YsL-AcObSldDWDgsM9E=w138-h92-k-no
滿酌屋 mansyakuya-大同原始燒|日式小料理|居酒屋|精緻美食|日式炭火燒烤|割烹生魚片|日本新鮮海鮮|復古風餐廳,4.7,225,,https://lh3.googleusercontent.com/p/AF1QipOThpBgbhrvBYNp-VBj6rptiUpG0wcEwziPNjFN=w163-h92-k-no
鮨安,4.7,137,"超過 $2,0",https://lh3.googleusercontent.com/gps-cs-s/AG0ilSxxGiQZJYqb5HmlM_38qu8mtcmYVC2lw1t6kd5yrdJYJdtjuhDRmv1Ja3NKupvXp62crQOcafRPl-G2QZMPuioi5uoX6KJ3yftBG6LGBx_zMGngKkYjta5ub-yiMFaQakKyQXdp=w133-h92-k-no
明壽司,4.5,526,"超過 $2,0",https://lh3.googleusercontent.com/gps-cs-s/AG0ilSyg6lJD5OYX2ID32u6y6AUoAW69QNSQTFaO_Sxm27qDsb7498eGim2pWMYnYmYm6gXq15LgyyktAR4_buN8LplIWaSJW0ldF3bfkhQ73ug2cBBd3Ny_UvGmAJcADkH8EQnM_T5F=w80-h106-k-no
kaï bistro à vin,4.8,104,,https://lh3.googleusercontent.com/p/AF1QipN5YbV8BfYGc_-aAYJoddR_6Sg8grMMENs_FMUT=w122-h92-k-no
Runnyegg Burger,4.5,410,$200-400,https://lh3.googleusercontent.com/gps-cs-s/AG0ilSxXI2bDhYqAx-Bh6BHSSUHoTswsUdiM5Bg_rr_y_yhfGtHhFKauQt9e9xMq4BIr4BdCqZbSgbxFU19C8eaRodgCSITdpi8KJvTiEoraPVWJZ0buM0NYBfIo0bn_J_A90mXhxOooGDbpHRM-=w122-h92-k-no
noon,4.7,412,$200-400,https://lh3.googleusercontent.com/p/AF1QipN4QShznK19As90mUV0NcdsBunH6aAP167SEHNx=w162-h92-k-no
料理屋安家,4,50,,https://lh3.googleusercontent.com/gps-cs-s/AG0ilSwZeayQor1auGfwin6T8toI2300a5wfKFfVYFu5n_qrMwPNMG4zb8UHabax15SrkgIKeFKLQPid3BtWzstgDkDNLc3Y4eR_p4ynpnJ7EY7Jl7Y_4u7VNCKDKQs_IzGvggT-nFoWB5XGe3aW=w122-h92-k-no
Fon-Cé,4.7,61,"超過 $2,0",https://lh3.googleusercontent.com/gps-cs-s/AG0ilSybJ10FjeuVtV-hfpnc_j8uZejPUeL4_X-NFKZmGhkFDKY7qyZI1DCfG3A55v5eHCK55zNssAZfb983sbJEVBgj5dy3lV3vXMcTfxV14BgXSFzoWtau_StFUL-xjZ3wDwd3P0C1_g2lpUhL=w122-h92-k-no
貳零捌公館,4.7,23,"超過 $2,0",https://lh3.googleusercontent.com/gps-cs-s/AG0ilSz1PbSVj9oiVRwoDEMDHIMdIkw8EZRpjkYB80s1uOTbprfCtZUfcttCrNj3wuQPCXWYDx68DsTuZs1mbxCW5vLvyriOod4VnHG0Al6sOtYfxAgDUaCp6Ad2KkehbHRoJtHkMXb5nw=w163-h92-k-no
Orion啤酒廠,4.4,1917,,https://lh3.googleusercontent.com/gps-cs-s/AG0ilSyT7IEDu77Yldya8YF8IRnaWefa6irbMVnwXqWT7LcHilh9j-pQBhRdVtmvB0f6hoFUH7pc92zSWGtxTPDFKfs1A-1-O-GaHoBsRiSFlwS35qrJEXuoEaCSNiauHnKYDFHXBRg=w138-h92-k-no
Hachiren,4.5,888,"¥1,000-2,0",https://lh3.googleusercontent.com/gps-cs-s/AG0ilSyuGWbYXneR0Zb_AmkrXqsRS3tpf67s3HO8bxIyW0nxZ8sTFfs5MyHtabkMHc-IsxbFuy44pLPg4_nHA-6i62UoimKDrvgP5KxHDiNHJJa6ml9CPbRMJ7F8ultTjQ2mF-Of8T8=w163-h92-k-no
OKINAWA CERRADO COFFEE Urasoe PARCO CITY,4.1,39,"¥1-1,0",https://lh3.googleusercontent.com/gps-cs-s/AG0ilSx507d4avsEW0NfnH52WbMoKLD55RwYFG-6LuZtDjvnxQ2gNyY4cmd3uMmsV01gkM0o6yb9zDc-YU5IpBygZbtkLM6LMpsMd1YDiopqNKJse_0uTqwME0-bgG2OnrTCQspOU7A7=w163-h92-k-no
COFFEE PEOPLE,4.8,58,,https://lh3.googleusercontent.com/p/AF1QipMcDnIJ7AikiUEvvlfISt8InK-PVaG1SXyW24lh=w80-h106-k-no
沖繩瀨良垣島凱悅酒店,4.4,2311,,https://lh3.googleusercontent.com/p/AF1QipNbXbIb0EPngIGbQSPnXKJkPGX55qOgylGnCUnG=w138-h92-k-no
Smoke House 225,4.7,178,,https://lh3.googleusercontent.com/p/AF1QipPj3qykQjj1QED0hDMQmJxV_aUMIRwWjb4bhjwz=w122-h92-k-no
rokkan COFFEE CREATORS,4.7,425,"¥1-1,0",https://lh3.googleusercontent.com/p/AF1QipOnR-3x1i_pH4jNbUrEs4G58EoCTFTSubPI10qt=w163-h92-k-no
LUCKY MAXIMUM,4.7,168,,https://lh3.googleusercontent.com/p/AF1QipPb_UZirXlC-tnR0vMREa3eObgGOUHFZjz-RBan=w80-h120-k-no
hoppepan,4.4,686,"¥1,000-2,0",https://lh3.googleusercontent.com/gps-cs-s/AG0ilSxtg9t2O35wk96RtvQUEiy4R1tE4mbIUdKJq009V93UE9qKHTOYtpkf0M56xlgVVkN4rnrRhY2VpEFvER-NFUs1UAho93OqPznLSdB1Aiv7qWj-5UQyEJXt1JQD4VcyxwzAdNY=w122-h92-k-no
Herring Studio 鯡魚工作室,4.7,187,,https://lh3.googleusercontent.com/gps-cs-s/AG0ilSwpkd_k2cvinQ8mM-4Dx7JDTQmKtrDax9ecjQqLIC9QYxc-7Bqdan10_Twx0S4JW-4CbTfvV_J0VzuhKTCjR6qh4jxoeG9qDcAVpZjGbhovAxRbjg3G4sfFJ_DH-IRUGfpQmIoh=w122-h92-k-no
山皇牛潮汕溫體牛肉火鍋,4.6,942,$400-800,https://lh3.googleusercontent.com/gps-cs-s/AG0ilSzEt1OxvyGV3IqPg90L5ZEJUPhC4if_c4jiKK8aYdy0wdecEVvaILqyt2LRXJ7FB1UPuM2EIn2cGnVVcFfA9qs8KlVgEzl89ZoEzEy06QXkpxMCz7ZsP7QwI3pB7L0C5lXJBwpD=w122-h92-k-no
鯷魚餐廳,4.9,96,"超過 $2,0",https://lh3.googleusercontent.com/gps-cs-s/AG0ilSweryK74gS21e8BOFiqv8BPSORRaI-vEAUv0iFUMcIp25-Dd4gd8NjtUHSJ18-FMytJv_K2zmwJRVA1A7eJJOLm7j1-2_hD87IYsvDnx13ea9TqVus0JwaqDO2L4DwGKbAvKaAQ=w163-h92-k-no
PASTi,3.8,531,"超過 $2,0",https://lh3.googleusercontent.com/gps-cs-s/AG0ilSxgGJdHNqq1_bcPbx9ZWrbFwO8vOfd65dTAXGO20Z_vOWhQyoE5pP0-ZrekSVDUA4vf3R-ezibym7S06E8nssc1CJpGiApylrajHAtAa7AF8cjeDxPaHkdzvcQgKgDodwIfGyip=w122-h92-k-no
立秋 Li Chiu,4.6,507,,https://lh3.googleusercontent.com/gps-cs-s/AG0ilSzMlEfGRA42B0xS5PwjrIzS0NFIkZAUAU8vglGNxOrlHzng-Tu_E82n-pmt_wm_dCfBjqCIG6kGAgv7XdEjgXtV0X1iQe-DHYkGlJeP4uZtNp-Ue-OwIB2DOltVJeDbxbCLGJkDk8ixO7Nk=w122-h92-k-no
サンドイッチとワイン 憂鬱な木曜日,4.3,40,"¥1,000-2,0",https://lh3.googleusercontent.com/gps-cs-s/AG0ilSwAj6KMPgEDp60mSoZcJ6EQmktM5_GTxbXom-n2gHbDxTyg0-m_IA-jDhLnzDiyP4i4rrdtM8Gn8GiFb6wV9tNI9F2OnVhNJObA7EDGSnyY73xEo3xzDiv3zwJtWY1hxc72v83Mo78yEMrk=w92-h92-k-no
森彥咖啡,4.3,1504,"¥1,000-2,0",https://lh3.googleusercontent.com/p/AF1QipOfQdhNMLLAneUq252e1vaXGsipUhEFZyT3vOJx=w138-h92-k-no
Grand Vin Cellar,4,76,,https://lh3.googleusercontent.com/gps-cs-s/AG0ilSybhTkZrvAyEtcc936PlSutBTqgZz5evSSNqxNgkRMowF6C4F1EOnDlaYn-50OSiT4bvdgNee7Ld5NecY55e4vWFSxWHmu016-5iot9kV4UYLIH7I5eoPTkQcaTnVsrruCkL4c=w122-h92-k-no
Wineshop Fujii,4.5,154,,https://lh3.googleusercontent.com/gps-cs-s/AG0ilSzihOXf2U_MzYkgJHa_FGpDtpdzWHNnXMYA_cBlLYf_TTQOS_pcRQYB06aZHKDPKt8466z2HjnmMNRRPcl4ZGQevkOl7WPeJCJBiGfSeDY3u1eykku5JKKRq3u9BH_C5WvBTXsD62hyvEAE=w80-h106-k-no
ワインの円山屋 COCONO SUSUKINO店,3.7,51,,https://lh3.googleusercontent.com/gps-cs-s/AG0ilSzfBlPh9DkWJVKH5TJKIymvFAS2kz3Se_-kF-k4XGxKOp9IMOHjOvkECslMYqOmtxSA___hzvYqgcta6z3oe45JTz8My8mVjVcBwovQQs8zcSrbvrdPI5Cm0LLon9XHbza_aD63=w122-h92-k-no
ナチュラルワインバー ばんなちゅ,4.4,43,,https://lh3.googleusercontent.com/gps-cs-s/AG0ilSx8B7-Uf7EvpMwONz9Pjpv6zNBHKFliOtPW3AUkeUHs3MFxod2UUXTSXVI79kJzIsRK8ZqHCfp5ze25TDeJwdgXN0EFHLmnO7Vk_L_dZwFccrfbMsjLFEczhkrKB1O4FejirzQq=w80-h106-k-no
麵屋雪風 薄野本店,4,2777,"¥1,000-2,0",https://lh3.googleusercontent.com/gps-cs-s/AG0ilSy4Vo_zdYNfyTXlO_awzJBBHlWE51tgxQ_hnXjtY18OVTAWGV8k-gvLKiGZqbgmUAxWLb6oG025Eta5c-oWuBYe63-9ZoHxKWm84yXkgPhKtZRJaQssNbWwr4JTVTMMT2a_4K0=w92-h92-k-no
日々,4.4,90,,https://lh3.googleusercontent.com/p/AF1QipN3sOZrEavfbbB2lyyj4m6yuAtp-sSVUW6-SLr4=w92-h92-k-no
Barilotto,4.5,84,$$,https://lh3.googleusercontent.com/gps-cs-s/AG0ilSw2opxLhTaFmdshHY2dAe2WuFBRRVC0cxtCEijin5BSt0Z5-U_6B4rTbzVIuuoia0weW5OtTCzeuc_qjQ14b-j1OA5VPl6xWFPBT9x9jdildfu03Sx2AL_CsdjY2DgvAUwfr6LNXg=w137-h92-k-no
Domaine Takahiko,4.6,38,,https://lh3.googleusercontent.com/p/AF1QipP3M9MDlHLJMX3t6rHRRRVwPEHghPcd85jACm3O=w122-h92-k-no
トリアエズカレー TORIAEZU CURRY 咖哩專門店,4.3,115,"$800-1,0",https://lh3.googleusercontent.com/p/AF1QipPKWFlIE2XGlAhU4ZozIi4o70hKANcftaIIeErO=w80-h119-k-no
BARISTART COFFEE,4.1,1311,"¥1-1,0",https://lh3.googleusercontent.com/gps-cs-s/AG0ilSwtJi_9sZHxIC0zfAgi8K8hjaOKghnPmQltVwiZHz5oY00UzTAVhaJB3I4zmv1dBAxpZl_ghQwQ6ot60Un-UHdE4nt0Tueqib24XWg5wcPAB75mljNrK4tkgJ_ut_6VjfKvPdWj4G_Prakt=w137-h92-k-no
田久鮓（たくずし）,4,198,"超過 ¥10,0",https://lh3.googleusercontent.com/gps-cs-s/AG0ilSxh-ilVR-IRBVV5AdMEftbEdgSw4PBlpfwWCW8SgokN9Y2_C9VujNrcYi70AgYItb09zH3mwq0r9E7iZ_rbdPXN9ABvSeEMAftW1gLREZwNqRGt9RBmQBl90S-ukSLHuu74de-R5Q=w80-h106-k-no
FRASSI,4.7,238,"超過 $2,0",https://lh3.googleusercontent.com/p/AF1QipMlp8PqD5pNEhTjQ7kcT2yPqCJpJn4Dy8qHt1Fk=w137-h92-k-no
無名羊肉湯-大菜市（每日上午五點半開賣，賣完為止，星期二固定店休，請追蹤臉書，感謝您！）,4.5,1971,$200-400,https://lh3.googleusercontent.com/gps-cs-s/AG0ilSyxxqKOOztU5UCdfRdqGszQqw5OywKARD_9hXYu3COZaVNJUotOjVCer9voHZJYmUjfMepyuRAlSxLNMsuNjrPv5h1RI2PnFFPZkmPkVFt7vvVamItrLoSpLlEy4xPpL7fso_8J2w=w122-h92-k-no
VERO小酒館,4.2,141,,https://lh3.googleusercontent.com/p/AF1QipPb17cO3eZXXO2c0Oy_WRZcAHAzn1R3a8BBkgib=w85-h92-k-no
挽肉と米 台北華山,3.6,2017,$600-800,https://lh3.googleusercontent.com/p/AF1QipPTFUO0osQyrBfmsZ_BA9HCSGArLC1YotMd5Uo=w138-h92-k-no
Hansik Goo,4.3,195,超過 HK$500,https://lh3.googleusercontent.com/p/AF1QipOGD7w49c0XQ2HcsnKCw7HI2eq5c0SK9RzOkUeb=w138-h92-k-no
晶華軒,4.4,1664,"超過 $2,0",https://lh3.googleusercontent.com/p/AF1QipMVznxwjKNFX65XB6yNOBeCiy1JDC6LQSPuy-HS=w138-h92-k-no
黃家鱔魚意麵,4,3096,$1-200,https://lh3.googleusercontent.com/gps-cs-s/AG0ilSyORiFxmpR6O7YS_K9T2I0lpev1EdfXGbRGpIU74iO0O1F3plnq1-1C67-xu08fS-QDj5-0rfBna4DT2QENKfjdUbD8dZKr6sfIEtjdUiPC8DailbzG6SHWVkRg_kTQPWGaoZaU=w122-h92-k-no
彰化老担阿璋肉圓,4.2,16014,$1-200,https://lh3.googleusercontent.com/gps-cs-s/AG0ilSyBGFpetQ8Hu69pBsmqPSv0qNrMDjUu21_K4obEG_rktTC-Bd5_Y56qg23KzKV4VKppCI7DJtIbauOXrlAP_TVD-kFu-X5nP7kSki4F7_R0_WGeUroV0vcWzxZwHIoOm5_0HSn0=w122-h92-k-no
湖東牛肉館,4.5,3160,"$600-1,0",https://lh3.googleusercontent.com/gps-cs-s/AG0ilSw4bit0yBChLyUozuZcoYwKtkk9WfCDQYMHkNcSl4kVhOq1zhgK_oxvUbSjn-z32sdYCmNJQ12AQTaSeJDlKHNpLvq2c8poePH0Uvzm3BS7riSI_LyNM9jlMVMzaoIKlUHTk2I9_4-OAT_Y=w122-h92-k-no
Wild Solid Sourdough Bakery 時實 全酸種麵包店,4.7,323,$200-400,https://lh3.googleusercontent.com/gps-cs-s/AG0ilSy4PRP991RWEG6KVDYJYkY79REXEIGGt2G0CDipXLXpuRxfHbKskuXldw6IOCpkw5GObRdS0mFadmqI1VE74hwxhX3eZ-DDWPryL9E1qZaW6Rsqn-6uEGU56TTKEPe-Eq3RZ6JHXlisqMg=w80-h106-k-no
桃源街老王記牛肉麵店,3.9,4071,$200-400,https://lh3.googleusercontent.com/gps-cs-s/AG0ilSxlA8zIgEdKsZwl4OXjERYw1vP_iWfpv_9CN5YH-MWhlZqDWMscI8fiZoLi5eqcHcwIsXWCvsz_bFzP-jhXO2jZ9GFcGSjuBzMMdSvL1xcZstp-A5REJanJOC-iqzX5YOGEpBfD=w122-h92-k-no
鼎泰豐 新生店,4.6,6393,$400-600,https://lh3.googleusercontent.com/p/AF1QipN1RDYE5Ltx7Ubl1ndKT8Fw4gnFBrQBXDM3m7Hq=w137-h92-k-no
Bar Pine松,4.5,358,,https://lh3.googleusercontent.com/p/AF1QipNs_gZUhrpGRa617qZbJtszAhDxcBGbtPUh6c61=w184-h92-k-no
台北喜來登大飯店－請客樓 The Guest House,4.4,2189,"超過 $2,0",https://lh3.googleusercontent.com/gps-cs-s/AG0ilSyUuhzQMD0qxpjXo9GpV55BtbYE9eIYAasAnoyhV2SbMEbGtK1fXbdRzks9DBRW9cvLHm4mL1z7Fg-LJemFmnbdWkcNx7-KM6_H_MeFyZcjHGH9hVwU-bVukasOn3pIKR9pe5yCc77vQXg=w122-h92-k-no
M&CO,4.8,120,"超過 $2,0",https://lh3.googleusercontent.com/gps-cs-s/AG0ilSzSQaPBlFWiWJHLXQH_j6NugJoeSMmyUigAPuzHbzEZqNpocuoGxQQ7TMRShhvzToY_f9gSbBFrGij4S9HHpZKIJ0-nGYpI_1J0x2PlA5sHHYIFBcSfjJLVUtvfSXr1C0ZG_fKkyg=w122-h92-k-no
The Slice Shop 信義安和,4.7,1096,$200-400,https://lh3.googleusercontent.com/gps-cs-s/AG0ilSxM2xqZxR8q6a2iwvADOQiUhlNkYk_kGlVnSQS_NZ0C34fwFWNwgDKhM5vjgtjeydB4ORK2wu1gIZtnfCgKDPGX4uDCK_53fa7fE4Iwxz_bMTYvYkep9A9Cf8WN8p0h2cFAy-6pkLUui55g=w80-h106-k-no
Goodman Roaster(阿里山咖啡),4.6,656,$200-400,https://lh3.googleusercontent.com/p/AF1QipP2xAByzd40aMMrAEy_ySnSeq3_Qg8p4t-bXGj8=w163-h92-k-no
Coffee Along,4.7,72,$1-200,https://lh3.googleusercontent.com/gps-cs-s/AG0ilSwhW-zLMwCrrW9IF65lJQj7FYouqJwxJHpf80h-t_owFUMq09hXUiO7sr92Vg5fNE2zzBrAfkwcFfoKbiYTxG0R7sy1WtWZtmrW16j6o56OwsLoLifhcv7ipTbmK4i7Jso2YgfrNLTIMEE=w92-h92-k-no
D23 Coffee Roasters,4.6,173,$1-200,https://lh3.googleusercontent.com/gps-cs-s/AG0ilSxWP-Hvc8l3j4SX7ezKpgep_YCGTYB7lrQPWmPpyfKlubjbNh_gdClviWKlJOMR2W5FxpiDGFZm7ObEHQpw_2zy5MzkYHAChxxlD8BScNIqR9eL3MyhcKZTnOiFMs0lR-6V5TmneEwCy2Uv=w122-h92-k-no
季肴酒 駄介 Dasuke by Sakemaru,4.4,121,"超過 $2,0",https://lh3.googleusercontent.com/gps-cs-s/AG0ilSyQ1sm7kIBN18XLDvh8CNZBepb89XtmUKSZJlXbA3v0BMi_NEmPXTHLHvC3VwrtorHmZ-h82uKo5F3vGiIlA2Dd6KuB5g6OgJ5U94Scs_dVE4lbctlkwLMXand0aXx0e6FeGKNE5g=w122-h92-k-no
都一處(仁愛店),4,3167,$$$,https://lh3.googleusercontent.com/p/AF1QipNz_FaP9wVUqrQiuLbPUW51uyJi4KJmd3Xv4E8h=w92-h92-k-no
Pang Taco 胖塔可,4.5,694,$200-400,https://lh3.googleusercontent.com/gps-cs-s/AG0ilSwgANg2yIi5sei41Ar-6Lhl1R4kRL5BoKrDuGfQrK8S4ES9ly6bSPThgPYzgHqKeP2YYi6qouFnnkB38XEVKNqWX8P7IrMJURmvsD1-gzswGrGfy4Nl4uDP4hmmDJ6xsxGKH-1A0xp0W1w=w80-h106-k-no
MERCER BRUNCH TAIWAN,3.9,617,"$800-1,0",https://lh3.googleusercontent.com/p/AF1QipMgSOyjK-LoUeW-enU7GWd6-oSNRDcn8YL-5Hvr=w137-h92-k-no
富錦樹鐵球食堂,4.2,154,"超過 $2,0",https://lh3.googleusercontent.com/p/AF1QipNBKbXpBMhYEvBnUivrOCbHsJfHSYeYBE3mxkw1=w138-h92-k-no
BAR MOOD Taipei 吧沐,4.4,1718,$$$,https://lh3.googleusercontent.com/p/AF1QipNCO0u6VJsmyq945SUvV3P50MWSNoMxUSHXxyMC=w146-h92-k-no
Woolloomooloo Fujin,4,844,$400-600,https://lh3.googleusercontent.com/gps-cs-s/AG0ilSzYykJmN-vebekK0xW8a29qazgxz7aulSfwBDXoqyg1oTnJ7ptq84oZ3vItIUK2MiRpcjte6ZZeU5x2EM91BiHXjUOMra2Y1pQWjShA14LfBZQ3JpxzUvAFFnnh1ETKLxeIunWiYvwcVnSp=w122-h92-k-no
鮨天本 登龍門,4.3,305,"超過 $2,0",https://lh3.googleusercontent.com/p/AF1QipMcSkTZEr_Wv4XZLmuyVfIObP7H8uZJdJLiQdYS=w150-h92-k-no
The Quiet Light 默光咖啡（松山店）,4.4,463,$200-400,https://lh3.googleusercontent.com/gps-cs-s/AG0ilSzhZ99fS4CGxz-FANQp-IAc_pPewVYKjfK89poIhsHHF7g00JwOsBNvSQGuTo1D501LwRKVBpQN_ndmnxTHQccVfDotTUivacunSkfvHs3PtaC63HJsb5iP_jtb1zuzEeeDCPFfPj5uhrU=w122-h92-k-no
Alice Cheongdam,4.6,507,,https://lh3.googleusercontent.com/gps-cs-s/AG0ilSzAHZnEtCABACMy4L33ubqtgT2gz1xzPoupy8INWxQK9DqelrkJqoMX7jZ7H3WYtGso2mS_86JKqpzkJO_zP7TzDubyHUFjsL3vEK-AMM4DfEbV_p6WngPVdekrNY7d0f_82Ljr4paXucM=w122-h92-k-no
Mingles,4.5,836,"超過 ₩100,0",https://lh3.googleusercontent.com/p/AF1QipPCpcph6yGOtOlr4VjbIy9L-OwI5pNXuWkJ-FNS=w138-h92-k-no
金豬食堂,4.2,2907,$$,https://lh3.googleusercontent.com/gps-cs-s/AG0ilSx1F9TXSS8vmMgsqq8sRoUqsIV6qISNIlXfTts_fxCDf7NYgpvaUXa_Tbv88GB_DXAR2RodmeVrpFOLmZ0KSzLw-xaufkwk7CeX5Argg-L2DYNHdcq2se1vtZChlThN0ANivHff8B8k-UQ=w122-h92-k-no
"31°14'31.5N 121°29'16.5""E""",,,,https://maps.gstatic.com/tactile/pane/result-no-thumbnail-1x.png
Tarougen,4.3,211,"¥7,000-8,0",https://lh3.googleusercontent.com/p/AF1QipPUdmkrFSAQezdBJPoOpgZ3CJXmFDJyC1V6c9OV=w138-h92-k-no
長浜家,4.1,4162,"¥1-1,0",https://lh3.googleusercontent.com/gps-cs-s/AG0ilSzIi2_xeWaALU5xHFIleaagKG4Zi2wNKp0jOcWlBltOqosTssxUdvIs2ONpus3HSq6HtAY_TFJ0YvCvray15hU_x18XEeiWuI_C-zl_Is1IL93k_uY_H-287K33QqiStrXZTTuGOJvgZiY=w122-h92-k-no
ワインショップ I.N.U.wines（アイエヌユーワインズ）｜福岡・今泉のナチュラルワイン専門店,4.4,65,,https://lh3.googleusercontent.com/gps-cs-s/AG0ilSxEjPA-AAtJl9FyoZBo8o4DkxzYjFi5kYntZoljrQSrGeY2K4rKC2P0vf1i0eyPc9OD28xZa64EchCaoTiiHyrTJrRK-v-umwhd0xS5sgg6UtF9Ba8AIONSfFVubOwR6580vCZXvw=w80-h106-k-no
長濱屋台 やまちゃん 福岡 中洲店,4.1,845,$$,https://lh3.googleusercontent.com/gps-cs-s/AG0ilSwVMwyIohjpUvRMEwBfHAi1SiOkZlgpS1AobRTAW3n1yAtX6blltf7EhZfSv-b6LEAqb5he60Dubd4QOHHBaaZQW5hKD0AXPdA-CrvDtsEHToAtf9mRsz3oUXt2sLAOo7wIHH3xDgf80AdO=w122-h92-k-no
Torikami (Daimyo Garden City),4.6,89,"超過 ¥10,0",https://lh3.googleusercontent.com/gps-cs-s/AG0ilSzTsFblWq6LJnuQRtz2xR_fpmzqZfk-ANwrAfrREhUC0KIoSVjsjRO1skGdb9JcORXpYGekTXdrJxLY-mDWvo42oQDIUZ-4CR7uo2Fs6wfjKyt6yQA4IoR0aU9ta55NdDO9hzJgCQ=w122-h92-k-no
FILTER SUPPLY,4.7,99,"¥1-1,0",https://lh3.googleusercontent.com/gps-cs-s/AG0ilSxgbZsYa0oO1fCL0gO0tm6vWWAb5dGtCb5XBA5t6Bv_sRWny_SfpG-CoEKLKLtu_SczpbOLD9ZcYi7Gpa2jKfS4YPwI910l-K_vjUvvR3Mg4DChdAuiQ4t_3z2Ktjn2RcgoeU_T=w80-h106-k-no
百薬,4.3,73,"¥3,000-4,0",https://lh3.googleusercontent.com/p/AF1QipN9utRpqBlnbFH-taZmn_-WQxViRZxmRnsgWLQ4=w120-h92-k-no
魔灯路場amber,4.4,51,"¥6,000-7,0",https://lh3.googleusercontent.com/gps-cs-s/AG0ilSxbBuQYVaSeGdtIF4iU1grXuRQUhIqIBm78uQ6Miqe3V7-Yru6B-l2eEkhzxKuiMe44J5ygY86LLDnsQ0Jz1OJGW1xiZnRU8mUx5OZNrJDcl0iOP2pJ3pkDOy1j_fAOpxY7hUTMzA=w80-h106-k-no
Pain Stock 天神店,4.2,1590,"¥1,000-2,0",https://lh3.googleusercontent.com/gps-cs-s/AG0ilSx3pa_6fqXW6CJYjEDOaaCZQBZ7QbYDdKkqx_A_wvs1HgP88UvgTP6EirobBi4tMdvf74cluUpC7MAEZ6K-Zm_5A_hGYTRWglf5odZByYXptUuAYc98rSpeDksRvmoiUBzJ5OEI=w80-h106-k-no
鮨 堺,4.7,375,"超過 ¥10,0",https://lh3.googleusercontent.com/gps-cs-s/AG0ilSxn2n9k1geW_Un38WffAMZ4jQWkvfgAzJHgnoaSG6PSrz3ZtA193nQH9T5KoeUn5uS7U3dOCyM0L1VFoeGWgNoPK2hD_1dlMaKlNs89KdnFmzlJWdWlhJe1Lb2QWwJXEXTAFP8y=w80-h99-k-no
logy,4.4,799,"超過 $2,0",https://lh3.googleusercontent.com/gps-cs-s/AG0ilSz08zb1lnCZQ_PvjcSKPTzJFSEzrV8GIpSXljfZQSFzXhjp3it197l9iKK2kcSVEuRTLUrCBQtCXLqon6NiBNDpd47AW7G4ojTjSbAiYc2mZT88UVsOXBjeyYbOepwdwVmGjCipeQ=w122-h92-k-no
WA-SHU 和酒,4.5,923,$$,https://lh3.googleusercontent.com/p/AF1QipNR0PHQXlj0A3RAd0W164_ovtFX_VpWMvqUAAYv=w138-h92-k-no
莫乎小酒館,4.7,115,,https://lh3.googleusercontent.com/gps-cs-s/AG0ilSzMcdJRhO2p37OwstwJpFTy1BC9hhC8hPm0-ambiHjtUUE2sQx5WSVWgECzz6tRAZVhEiVJ2_NMSiHDnaiPKRzlOifAsKbbxXZ-rTqTtM_qzDKLFAND4KSEPRRy7YxX_Qbr3Qxd5A=w80-h106-k-no
WEEKENDERS COFFEE TOMINOKOJI,4.5,1625,"¥1-1,0",https://lh3.googleusercontent.com/gps-cs-s/AG0ilSxbM8haZlEf2a_VfmzczOj-J3tgIRqRYFT-JL_49DCl4BWIXAGd0GZT_6Yrpo4xw-kwFyl9MQzt78NL5__TushXi_J9-apkkv1M4VxpsHTYT75IyHBADZCa1U9c6TjLhZxNY1V9=w80-h142-k-no
coffee stopover,4.8,1872,$1-200,https://lh3.googleusercontent.com/p/AF1QipNOM44wZe8ontIOTn2337nmG3dWeSfWh2kzgrWO=w138-h92-k-no
承 Sho,4.4,354,"超過 $2,0",https://lh3.googleusercontent.com/p/AF1QipOvd7tJ4xBkoSOiW0xDOHSFPuTclZk6vLrIMmO3=w137-h92-k-no
台南一味品碗粿魚羹,4.4,3731,$1-200,https://lh3.googleusercontent.com/p/AF1QipNQ3jbdgtUeCIiHBMl6jCsujoxVmUmZc8ZPwON9=w163-h92-k-no
鬍鬚忠牛肉湯,4.1,5566,$200-400,https://lh3.googleusercontent.com/gps-cs-s/AG0ilSxpT34CoKkG6sLTXnZIEcRl5R3_EP6rVYtosCG2h6Nx36c0kPEmAT43ynU-oGQVVMKdohXBdue8Y2Ylf8ck6wlL1f3F87Rd0jycTVKGmMEtC7dYPgRcxcyC5x_Q-NAdKHEmL-u58g=w80-h106-k-no
豪牛牛肉湯（售完為止）,4.9,9340,$1-200,https://lh3.googleusercontent.com/gps-cs-s/AG0ilSxgTSRpzs5wBnxPxX2GPs5c_8SiGfAuf0tPrkGASCSSD_DIT7SfJSMYmrNiDNxP4DnJ8MSMluMTsD3qoqr2bIFlBx83l4li5-L5BJmfoIgsmRcaTFYV0gsfhjtWyuoNhTsR5UjKAjDFeoU=w80-h106-k-no
大勇街無名鹹粥,4.4,3199,$1-200,https://lh3.googleusercontent.com/gps-cs-s/AG0ilSxjKyfKshR5_66QGyMGFFIuJliPaVxpVk4c6vXu5AXduQejcyR7YILAClQGvq8-aNtaokIjDJgUh5DXfizoKoTmWHHsBWewzAINR-yDs3EKSEC-0jS_HVZSHh8682jlL9eiPowssr2WTdGp=w80-h106-k-no
阿興虱目魚（目前暫時都營業到14:00，休假詳情要看FB）,4.6,2625,$1-200,https://lh3.googleusercontent.com/gps-cs-s/AG0ilSyxAZdp7hsQswdzkEamBjHZpdkrbnr4qTSdvnX10zoCpRRAOPDYRMkaJ9Bvw2t_xtOS2sHlC7zJJwgse5ytQxlnYsD4DDjbDOeJthpucTvOwZKCsySfRZLRlZbMulL4sFcpn3AMEzHw5uvC=w122-h92-k-no
七股鄭家魚皮（公休日看臉書）,4.4,448,$1-200,https://lh3.googleusercontent.com/gps-cs-s/AG0ilSzAgFx1nbpyl4-d6S3UlPB_Pi1CsjCQVMjKh6RgDa_BcAzt2IBgvv8gZ424WJJwiavB4uvTr9QAVc4ViF-Ln4gm-qEFAClmOyC2HqBbVQ-1qU_lgO1kweJE93lEZh9NmttjHsrzOg=w122-h92-k-no
Moonrock,4.6,986,$$,https://lh3.googleusercontent.com/gps-cs-s/AG0ilSythCuQIQI2y0mTkQ7X5JOTZA_sI_Q1AjbvVPqyTfuq_beP1DvuRdGZFH8kd-aJ2XeYrg-8KyiQvLmIGEjGYHysLKfGdj_rbiodGEJwWyWDyZmuAi27BtxHYINodC9lUiqhc5DZJQ=w80-h106-k-no
Foufou,4.6,207,,https://lh3.googleusercontent.com/p/AF1QipMj1vbYqq0jLXlKAG1vgtiUI9e4a2j4zC9ZB-zI=w80-h120-k-no
MASA 百元手工塔可店 通安創始店,4.2,1109,$200-400,https://lh3.googleusercontent.com/gps-cs-s/AG0ilSzvj1Z5c-JMyMM2C1fcP_1-A8kQ2Xp3bSxj6QLLN2kMs2A5shqZ6VD8YLqpgOLaiSVyX2uvJUzJIDoBML5YxKbg2cESp3xVPE1_nRMtC5Up7wByx9CivMK-yNoBUHk5sSqT9hgyZRBDJXw=w154-h92-k-no
破壞者珈琲食堂,4.4,206,,https://lh3.googleusercontent.com/gps-cs-s/AG0ilSxPLN8j9aVUiqMZIaL4I5e4KCSakdCMef89Mdfc-SonIRnWI57HmiQ3UmseadX72xrCx53VKq6071T9q-27k4QMzao2ZI-8zpn3lhFO5GUvwVwlsSnkKEJuZq1wE6Ivbr-apsci14fobVmh=w80-h106-k-no
MIXOLOGY SALON,4.5,541,,https://lh3.googleusercontent.com/p/AF1QipNMxKASB-C358iOifgUyQQvIjyfGsZT4oKGpsw=w138-h92-k-no
食堂 平浪PEACEWAVE,4.5,193,,https://lh3.googleusercontent.com/gps-cs-s/AG0ilSzWz9nXS_WNJVHVJLfowe88q3QIt_ks8jM4rGvntwUI6YjRyI9AGknFZp0P5iI32SHkWA8j1A6XlRPiN1dntyAarZ9IZttrrq6-7h2AnZy5rOm6Y05yCoUTPuXCHVSRjJuK3eVNQs2eNFdQ=w80-h106-k-no
Little Lam Noodle Bar,4.1,86,$400-600,https://lh3.googleusercontent.com/gps-cs-s/AG0ilSwGHsjmn0azFnPLT9IThV8gx9eiqoo-39dDPgXmnv-wWr9Kuqs42wpGMaeISGgPuGdMRlXfw8v2Yu4mFM-GNZCFTBMl8FId-EwvD62pUCfu_Pw0ySqEhuYI7KwV_Q8x9HuSIt9O=w122-h92-k-no
吉甘槑喆,4.3,100,"超過 $2,0",https://lh3.googleusercontent.com/gps-cs-s/AG0ilSyWpbQin24Bba4Ntht0x1kRelKpEAm03Q29yTAECrM-2sAvtSWsyJKyoBMpUXy0-IU2F6BpYBKOIPTW4evgP24JgkNGMA7YQlxvP-QojPZ9vVQutuAWeyH4XAQlPeOE7StPfF66=w80-h106-k-no
Yd’or,5,7,,https://lh3.googleusercontent.com/p/AF1QipPXmwCg7vG2hTqztEKHbzirYbWAS3tG8nynhHws=w164-h92-k-no
THE ROASTERY by NOZY COFFEE,4.3,2256,"¥1-1,0",https://lh3.googleusercontent.com/p/AF1QipOOYvnfweVZ-ZCPKkF-zYi3CdP6irqPesRqkpqF=w80-h120-k-no
ABOUT LIFE COFFEE BREWERS 渋谷一丁目店,4.2,377,"¥1-1,0",https://lh3.googleusercontent.com/gps-cs-s/AG0ilSx-0Kw-O1DN3gZbwVFxuLePzeuTe_zX5OjXc0IlCMjNk-pFkdW8GfTymqzvaSvdanQ_xoluk-otXlEvK3uMnidrOcTZBIXOAmnwv8G-22IR4jbC-_8DO7SBYVvHdQWTXoGo2Rj6=w122-h92-k-no
Iruca Tokyo Roppongi,4,1477,"¥1,000-2,0",https://lh3.googleusercontent.com/gps-cs-s/AG0ilSzqpXSy7ct0hl-U4jLf6ixLiQnZSOC_CqUNtkau7J03iaD_CVkKskZADMX7OfLvz8iKB4McW-bfPud-HKXv8nBAWktd9rpVdqSu04CPJV-ok97BBQ8m5brTL94URonFhjiRpil7bcRx0bV_=w92-h92-k-no
マス／MAZ,4.5,167,"超過 ¥10,0",https://lh3.googleusercontent.com/gps-cs-s/AG0ilSyJ7-DJgbisvINi4tAdqkM4vg0s5AC86_wEsf23Mkz4yySj1d_1TLMMujW0IajZItW5onV8D8YFY9Sc4Y_O4ZH83Ddc3EtoH-JDo6yhwRuBnmvvvxjvdGiMYIdRDAZScGn8I4nx=w132-h92-k-no
Verve Coffee Roasters,4.3,1002,"¥1,000-2,0",https://lh3.googleusercontent.com/gps-cs-s/AG0ilSyRwTzurQ7Lptvuii_DSy_hs_taPN5_xYXIfjZns-B1GV5Wx0OQKB5qL4t08Lc-bxCXVbtkNvIGPx0Iodj_eYCv1cqEkjrhhUzd-A7ap6aQFW8ucTJzRucSxswxww_JN1IOuFF2tRzNeABB=w122-h92-k-no
虹夕諾雅 富士,4.4,1003,,https://lh3.googleusercontent.com/p/AF1QipNc-zoJWlD0iU0639TdxBEwd0PS9BCby43TLvm2=w138-h92-k-no
Buccone Vini e Olii,4.5,629,,https://lh3.googleusercontent.com/gps-cs-s/AG0ilSyQnO-JdWrZoD3qI311_0-e6fP-TgtRpRrqflLyj3jYATee167FmdH5rxeSqGBx1V3v6hAC_enx1IMEBZw4mqo3BGdtUnMYAQ5YiLm2Cd2gPbi1prmkhRGNngF2lZhhRmgW0B9IQVZlYOc=w199-h92-k-no
Da Benito e Gilberto,4.6,532,$$$,https://lh3.googleusercontent.com/p/AF1QipOiO6VEMiZErC_1HodWOOHhuPEletcOoDsN1TH7=w123-h92-k-no
Roscioli Salumeria con Cucina,4.3,5935,$$$,https://lh3.googleusercontent.com/p/AF1QipNlDdNhiSFprXDUwgW9AK4CnSCyffJOQxSPHOQI=w138-h92-k-no
L’ANTIDOTO,4.5,269,,https://lh3.googleusercontent.com/gps-cs-s/AG0ilSzv_tjCJHhJrzSygraGg_2CxMWef0IpQOIajL2agbb1b1-R2b0TNctyRGmmAM0XJoQbK_m8QviSmiiofYoCqSSUSmJH6Kzk37KJUDJ7c-I9RFESIamYArr-YJWR8q7sw-wlNrdl=w80-h106-k-no
Ristorante Dillà,4.3,2354,€20-40,https://lh3.googleusercontent.com/p/AF1QipN-nSflZkvAefNpxjOR6eywh4wKqy1pr6PW2f9-=w322-h92-k-no
Marzapane,4.1,801,$$$,https://lh3.googleusercontent.com/gps-cs-s/AG0ilSw6R369Z5yp5KeblpVnwaYwa3IB04DXJKZh86TDb6RfNdXn88MCrOJGeZTa_IXhOjgFYlDx817zCSXSz3G0rGmUXb2KFZtKhCy_hRYILsvkUDRonM-zo9P4K1aa7K48NePmouKgcqIsvNkr=w80-h106-k-no
台北鳥喜 produced by Toriki とり喜,4.3,698,"超過 $2,0",https://lh3.googleusercontent.com/p/AF1QipMJ6cUOwjj0kRoJimPCS-Nqf3uYXIw85VVIWTWA=w138-h92-k-no
五十条,4.1,717,,https://lh3.googleusercontent.com/p/AF1QipM-0OP7GKkXYuLBCGN4u_tynVldlJ2EnLD0EHQ=w80-h107-k-no
中國蘭州拉麵館,4.2,3365,,https://lh3.googleusercontent.com/gps-cs-s/AG0ilSzFaP7ZJbfJWEEiFpEbGzzwNf727w1fpsVOXTr7gxc95RFczPXGt2twQOyAo8ideJ4CU-WKf2Tb0XU0Ls9XzuNyIn8EdL8_MpOVpwbKjgPsRQjwzyBB9udz4-PlSDqmla7mO5A=w91-h92-k-no
新九如新記牛肉粉,4.3,2104,,https://lh3.googleusercontent.com/gps-cs-s/AG0ilSxhsXpyu9FNJgHwKOdSCR2IWnyk5_Xcy02oUojGMU76VdfQTqRSESstzwAB7jVRnRY6tjbhu8o1MueiwvQJ169nyTfw5kTOMNzGejZlzu7c4Dh-4W9LWHYSVq0FMDV9m6jpMGeoV70PNpU=w80-h106-k-no
黃亞華小食店,3.3,4297,,https://lh3.googleusercontent.com/gps-cs-s/AG0ilSz_q4DQ-DNCBtT0K8Omm0K_uGOzM_jqBnnmw_mq56wdZlgrzTrmpKbjx0ALfiTS2Jba_B0ah8LbqdQexGQ-BOft4ZmWmsghfc_IU4blhyfAOpDG6liSDwt-hn2sZDKFOfMA8mg=w122-h92-k-no
One Half,4.3,785,,https://lh3.googleusercontent.com/p/AF1QipOyG45AeCwYD-wSHfO8ulroPQfmIec5xotew3o5=w122-h92-k-no
Unwined KL,4.4,117,,https://lh3.googleusercontent.com/gps-cs-s/AG0ilSxO6MnEnv4b6b4DeuKp5daXF7DT7CbebxV47WGnlRv05k0k3AR8CW79wmQ7IygroNvsidpUpGtLJmRqvVNDIxG1zbpS6RKb0A8pgvmpo79-vQLGo9SUdyadVEVvx61gXjV3JKJR=w122-h92-k-no
Basic Wine Store,4.7,71,,https://lh3.googleusercontent.com/p/AF1QipNdLeioBLQ8uTP60ARDjjj4F7xkXq6CvKr4s_FV=w91-h92-k-no
Reka:Bar,4.8,250,,https://lh3.googleusercontent.com/gps-cs-s/AG0ilSyaTV_GWvo5aXK0qrVqk65oA90HLaozsFTiIFvFjWXXy8YoZm0f88I9mJ0xuplS3hg3UlSscFabXaet1nCp1EQiNfKWSGZbJoogx843fKV1ENru6-n5PLOYEbtm2QIJow_cAys5sA=w122-h92-k-no
PS150,4.5,1693,,https://lh3.googleusercontent.com/gps-cs-s/AG0ilSxInaaPE2PwqN_C8H5DCBScNPqZVuzubgOcVuUOmlUsvRH4j6Uct4E-i-0Znq_7UoJgiubO-s2mmTW8jmBM82l6nT5WGgyPCBJJr0LrU65Ak0aA2wslKHFopoNEirQkhgTi-jhm=w80-h117-k-no
花娘小館（創始店）,4.3,1558,$$,https://lh3.googleusercontent.com/gps-cs-s/AG0ilSxYDxpNG4SyuvdYGwBTQM74UEsRXfODL6BYAfPm8-5BhAhKVa-4qs-GnQQOhAuyc6nLYX1iJNSjNpzsfkETGvucfhs9NPSWKRSdgSaBrMcyJuOEIHKwTpreQs8zPBk159JDSjMqs1ILfvw3=w92-h92-k-no
Ad Astra,4.8,300,$$$$,https://lh3.googleusercontent.com/p/AF1QipN_biW8k29B-Q8ot2NHZXYTTGO_UnYfF-Bh5Xle=w137-h92-k-no
Cricket Seoul,5,46,,https://lh3.googleusercontent.com/p/AF1QipPCSMT5EHQbtgo3XOYYUAulKMvXAC7jK_OzSVZq=w92-h92-k-no
Kanokwan 老麵攤（沒有分店）,4.3,5437,$,https://lh3.googleusercontent.com/gps-cs-s/AG0ilSwBERx9QREpGLHl5Gfnybr3xMixV_ey3FATYRPMsi45aQfmIdCvuBgLk7OzcMH6m_NjXa4MxTdN2dE1xOnVlFicqtjGPB7iYCbve7DRp1swdyHbHUlGFDctcW9yamKxuXU8VJ9bTWSri_s=w124-h92-k-no
TIPSY Sparrow,4.1,226,,https://lh3.googleusercontent.com/p/AF1QipOL5NnVp-EuNT2oeLuUBU1q1zLSLw7hpdZ4uG-t=w138-h92-k-no
鮨一田,4.6,131,,https://lh3.googleusercontent.com/gps-cs-s/AG0ilSzOsnS3lEWUF3aykHNrvC4rl8rvjZ3LQW-ZHQGKg0T02p7cttEEOJkyk6L8AErTlA8qi1cFRpMGOr-4G3q1sCQNnj3JYAKbapcQRTKUSwgSp-RrcHxOWUZ2dL8N1uW56okjYvWM=w92-h92-k-no
匠樂割烹壽司,4.7,393,$$$$,https://lh3.googleusercontent.com/gps-cs-s/AG0ilSxYy1N2rYxpqv5yA3uTau5pBjr6QPf93RsYB2XHxM0Fi5m_mdI86pxAV4QJNAXmqgueFczCYGUIiY1zc-KYilxcXgfKRvvwj6OsAz8dJOFyiTo4vrqrrhOgCoaNuExbDQaVcJQ=w163-h92-k-no
Enigma,4.5,748,$$$$,https://lh3.googleusercontent.com/p/AF1QipM-dbLaCX9zm8jds-7CM6RR6QafpLUIOmxHGi2s=w119-h92-k-no
Gresca,4.1,2155,$$$,https://lh3.googleusercontent.com/gps-cs-s/AG0ilSzNRf7K7Hn4nM4_MKZb18bv3ccX1YuSu4MckQJ5XXf79JUU-E9biuJ4z5PqtT2CwxvUXJBLd1K744sIhRZ7I4PF3gVDsKtbY1_9VvgjbWQOhenPcK2-lKe1hXXRfB5AxR2tFh40xOOyZgqo=w122-h92-k-no
Bar Brutal,4.2,84,,https://lh3.googleusercontent.com/gps-cs-s/AG0ilSwB7d-HwK4GPIH5DYoayyF0kLB1cORASlVV7F8ia5f66LMjCwn86HP1Fqm2EdVCeqdjDM9t0DKXyiEgvmcejfigOpNa41-SmweH2PcUTY8CcZ6CkRAz7INDTEj_mWZKrnSO6HVUSvrK-wv2=w80-h99-k-no
Quimet & Quimet,4.6,5228,$$,https://lh3.googleusercontent.com/gps-cs-s/AG0ilSzzTbX_ZnysTtZX7-So-ic4k9lRmhYFCQYCG5zZqbGBJtNSOGIpOMbLkFdeSwmxjmKGLNwgrRT08rCN48TD4n48XRaXKWGelSpO91vsy_oXiZjhTE_aGzTRjSqvoX41NhrArqK4=w80-h106-k-no
Prolog Coffee Bar Meatpacking District,4.6,1291,$$,https://lh3.googleusercontent.com/gps-cs-s/AG0ilSx_GZ565pJoz5DFR-JN4t-Cj6abfvlOt4Db4cJMvucJFn_I9y2SvaOU7MnuZnpM4sCUmyQi1w_Ys0T6QZMDJ0LTCfPjTZ5LKLR0JT2Te1-Ut5QcnhfNIf1pwuD3Ar0YI6ZOHWnSSAD5JfOK=w80-h106-k-no
Kodawari Ramen (Tsukiji),4.4,10981,$$,https://lh3.googleusercontent.com/p/AF1QipPpY5awdMNCUdmkK6DhpjoPdaEO60eS9fWmk8Y4=w137-h92-k-no
深町,4.5,481,$$$$,https://lh3.googleusercontent.com/gps-cs-s/AG0ilSyV1KW60X0tG-Rbc_ovRg9Pchspk9dHNUpV55PD6IroO4cuV6tgBYGymTymL8c3AfYGuq9u-QR383b6XtxPyaLY0mfvti9orFPcf_JJSx9eXVvod-yoi3DzWtIUeXwB6NkX_FpnJyYd9xS3=w112-h92-k-no
老主顧紅蟳薑母鴨總店,3.8,1296,$$,https://lh3.googleusercontent.com/gps-cs-s/AG0ilSy9U-yP6nEtV7EicxEUIvmhuocfiztjG3pVjaI7G8riYWCrN6UbAvo1YMoW5i-JNNd-klEYEoRbgtlTy0M-pgJAuys06tph9MwZix1bA8aFLt9mJJJoN4JU9oPrvUFxEmyj0P_np-By_wW3=w122-h92-k-no
圍爐酸菜白肉火鍋,4,2184,$$,https://lh3.googleusercontent.com/gps-cs-s/AG0ilSyjngjYNIah2NRV9IKU8pcUc8c8N75TITb5JLHMk0XSAFeinX8K47SSjmgm8T5hYXSCbttJDD9zU4rbUx34Bb1jbISEsZSeESsCngy36gM5umIsShnYwOpyA_HSv4w_zT8xlF6_=w80-h106-k-no
Seagen,4.7,731,$$$,https://lh3.googleusercontent.com/gps-cs-s/AG0ilSzTX3xYgoo9idFZFZNK8JsBatxq0tdMy6ZdDgPFRBJE4epy2iJqtKpf0Mo-ji-BKv4H02Md3NpMcD1Sk8qGYa2wTf-9A7a4G6jS5o3PbX6Uzh-pY2qdL4bIRZH-CLkjYI7Uo4wjmiSxdHg=w122-h92-k-no
鳥苑Torien Yakitori,4.4,771,$$$,https://lh3.googleusercontent.com/p/AF1QipP6DmmlMWUEoQW-mqtUOvLg4S6XVIYs1WIkVwvL=w163-h92-k-no
HdV Wines,4.9,23,,https://lh3.googleusercontent.com/p/AF1QipO5L36b4GgOzwM1C6FeyTwUINzDOoVyuAVAxlqe=w138-h92-k-no
Chenglonghang,4.4,298,$$$,https://lh3.googleusercontent.com/gps-cs-s/AG0ilSyIWpNlG_0I4BuBC_qGAkzubiVwy_V81xNFjscVeAfcvHNGGF_pZkmRvLLN1pUcjSwMoz00dgyf_vhDPKCiFw5xryfsHlZ-7etSDddg9kbb3HQHt4vIk_D8CW0_9po-nFrG1p7ADw=w137-h92-k-no
勝哥私房菜 Sing Gor Private Kitchen,4.5,21,,https://lh3.googleusercontent.com/gps-cs-s/AG0ilSyin1pmpPr6rdtmXh5KsbgRQRl2ncV__mqnZKjzaklC1HBDUlYp4xctDlokYQbhaLqfkUr48gLMJf82gEKQZC1gNBLGn0Wc0EpNnoxWEJTCgY1ehEFeWp6hniU0SSfzKJepcxhr=w122-h92-k-no
RVLT Wine Bar & Bistro 餐酒館,4.4,170,,https://lh3.googleusercontent.com/gps-cs-s/AG0ilSzWBD9d3_awJGP66b1vXBucDlWwhdNIPBBiT373ekTAvS2uI3v3wnDerguZ7517BrlPjkOAhI0u-GM8awa257CiErUBKrk50IXHapIf8eiKRZwlAcu_luhsTRAtOPt9BNt3OR4m=w80-h142-k-no
Bouillon 布雍家,4.4,133,"超過 $2,0",https://lh3.googleusercontent.com/p/AF1QipOnXMEF8yMs47nEVJv-8DN16yOndenicJObgCCi=w80-h120-k-no
Gout de Jaune,4.6,77,"超過 ¥10,0",https://lh3.googleusercontent.com/p/AF1QipOzZPMlGygWhRboAYEbZk77Ctizdv1TVvRfEeuX=w122-h92-k-no
拉麵 風雲兒,4.3,5266,"¥1,000-2,0",https://lh3.googleusercontent.com/gps-cs-s/AG0ilSySR9xgMCxeFdWduWc7CDIqjUBX8Pdxolg2rrRlL9QtwYeRHYjQsLBTK-GXUK8RmhcpZb8XFDwcQ6yipj-G_IsswpwFxCYAEewMhuJTf3N6wL20tsd2D1rvPniM-KRDjXEopB6Cbw=w80-h106-k-no
立呑み 最,4,206,,https://lh3.googleusercontent.com/gps-cs-s/AG0ilSz2HDZ8V9EpRVKGYDH1p17YGUPQDSmNWpnwPKD4hSaxkFwRF7K7wzq-OD8TzgLNXr_e8mHWWwjSgQ56ndMl13ioZfU9YlykuOtF8e82zBxodgnaVusWWg48KNM5Mm9e00pZ3nnG4A_rPyQw=w122-h92-k-no
Fuglen,4.5,1800,,https://lh3.googleusercontent.com/p/AF1QipOcuSUUM1LNR7yiRurd6RBfcb6aOW4ueymYmqY1=w163-h92-k-no
麵屋大河,4.4,3247,"¥1,000-2,0",https://lh3.googleusercontent.com/p/AF1QipP_lQ0QPySQsaVdff7u7BtnZaOo32ZjONYEkVgs=w163-h92-k-no
Buemon · Otoyu,4.3,282,"¥1,000-2,0",https://lh3.googleusercontent.com/gps-cs-s/AG0ilSwcmHhmDJzc3onBO3tnugRNU7PM2-vMEWEBNUvKUnslpEZovvkA0ANBki0_1TYMDp7Fum7fpFEz0wW5KMBP3HLO2b-26iX3F-Esldb3uU4ieBW_oxQi8mt-HI4vOnYX-_V7-28JI-OahTZm=w80-h106-k-no
Bar Spoon,4.4,153,,https://lh3.googleusercontent.com/gps-cs-s/AG0ilSzPA36-xdPrtO7GHkrpzJszbdSMbLXk0T-FgcGAiFpQaWHyjHtQ16iCLt-u2XB15a0VsnQOAFFZbk2Kx6vn5lrLb-gSWaMFb4-inHhmq9XPfhnv6H-hfatn8lnIFIaIZ23dtfE=w80-h106-k-no
めしや 魚界人 裏片町店【R20】,4.3,218,$$,https://lh3.googleusercontent.com/p/AF1QipO_R4kEpw8NDe7qDPNVyuFrCU8RdYmFUIKLoHPt=w164-h92-k-no
醍醐金澤店,4.3,378,$$,https://lh3.googleusercontent.com/gps-cs-s/AG0ilSzXu44Ns6BorkPSX4_Nu-MplOcOFl3DUqXFKoq4ixoyKej7lKLtGLe6rcRTE46VlbCBGOBczFNz5i7XkM_O3BZsuBdr85nI9YBAjRmOPg8QyY1W49sefsldgdKn8z6pDzXRUW5k6g=w80-h106-k-no
MAKINONCÎ,4.6,124,"超過 ¥10,0",https://lh3.googleusercontent.com/p/AF1QipMKeZzSafxGvTnCF3jCcWw4GApSV91fo9Kz5Nr1=w92-h92-k-no
Omino,4.4,150,"超過 ¥10,0",https://lh3.googleusercontent.com/p/AF1QipM57pfBMN6ppL1tHbIob5slcTaWuFRhC6V-vLsE=w162-h92-k-no
BEE’S KNEES,4.3,849,$$,https://lh3.googleusercontent.com/p/AF1QipO6AtwdiABmOp4FVgvSgtkUtMyv59xoCw496lQM=w92-h92-k-no
La Pioche,4.2,179,"超過 ¥10,0",https://lh3.googleusercontent.com/gps-cs-s/AG0ilSxScm7a7iVBCd3227FDIU5PSZjyOKV7NG_PTCi02ro5RYsS9mWtzpGzWhBrjRP7ZOnzTDRN7PhKkff-nwqP1kgs2BKoI9lqPEIJLgFxlJ7314H0mFdxzNhrwuDvuaWn_EVZdECqmDzLx5Bw=w80-h106-k-no
Ramen Afro Beats Shinjuku,4.3,577,"¥1,000-2,0",https://lh3.googleusercontent.com/gps-cs-s/AG0ilSwWS_6mw6ceQNTmw4XHKgg7FafYu9x9d9HJAwEFZWhP_JOmJQdZFmHBynugZMT4sfB20Arg5JLCqO8G7u4hxu1KG455gxxuW1X3iNVBDgP9ZbreKNhx3HdammlYLkZ9P88b5w40qTAyNSKm=w80-h106-k-no
Bunon,3.9,168,"超過 ¥10,0",https://lh3.googleusercontent.com/gps-cs-s/AG0ilSxaAfpR9x_v_3bJu6dG7Wbkpal6KnQN1vPR581rv-SigKXW2WwhuERscYUATHSzooe40BgZk7222EQdrklJ7glfseyBh0XuAMU5-N_6mW2g7unnug3_kFv8jBZ28WMwC5rengHhWw=w80-h106-k-no
Turret Coffee Tsukiji,4.6,2011,"¥1-1,0",https://lh3.googleusercontent.com/gps-cs-s/AG0ilSzQ8f7LVRS3rZh_N7fZ1Hqn5DJaN6DQdR7_m3gKfwQetM6DZiaD4gqZVSHS0f2RYBQTqBuOzCqlQZ9H-cLSagu3HvekmC_xcHxjcbmlp6AUX4KL2L8irhiInTjAX_ugSR18gPcH__C8-IGD=w92-h92-k-no
Mario,4.4,102,,https://lh3.googleusercontent.com/p/AF1QipN7QnxgT-PwbCBAGJzBA8KXUdhwsuq8vZDJ08g4=w92-h92-k-no
LITTLE SMITH,4.3,362,$$,https://lh3.googleusercontent.com/p/AF1QipNwkVZ1CPitJtD17z2AFqPsizr-f0Hmyeuk_eKd=w138-h92-k-no
High Five,4.2,753,,https://lh3.googleusercontent.com/p/AF1QipOINrds9mlkflNNcBbDBxVFoMbutL5qgvyvji21=w122-h92-k-no
Tim Wendelboe,4.7,2415,,https://lh3.googleusercontent.com/gps-cs-s/AG0ilSzzPrATgC9HG2oqAA_coStMBhwfUwTamWp-6RSzDPIT75SOgxO4tyhSZfHnarJz887nMOAbA8pJy_5Gay9A7YZhIjTiABKGKAClKVUhm-iA4NrtgPv7iS30Xlwdww66zYrDenox=w138-h92-k-no
Restaurant POTONG,4.7,556,,https://lh3.googleusercontent.com/p/AF1QipMz-SCkMcHWoaKoo3DD6CkGHV2fuTS8UercI3PS=w163-h92-k-no
파인앤코 Pine&Co,4.7,127,,https://lh3.googleusercontent.com/gps-cs-s/AG0ilSyDzfNPtNka2AODl14ECUgVUGClOLuEXiwVvJH6AD0XMxVePVWZHF4KAla0bI4oDft28DOI1UWKHsw8oyAvq_zJtvnHTKjdqu9XgwoGl6QO2ZpVTnfFZonQuMtwTCJzlZPddQs4=w122-h92-k-no
Neungdong Minari Seongsu,4.5,333,"₩10,000-20,0",https://lh3.googleusercontent.com/gps-cs-s/AG0ilSxwMsHjo-AzgO22lAu3WKqnnBQIGLVlOs2OKrpwHJrXDkfC-xcEdj0GpqxDy7-cXCrRTOTHsbT2p4t7CjjV2VW8NWGmLkqPYG3HWudBL58NquV4yDXwlIbA2VhzSgkCwaDElu5n5hJIUsi3=w122-h92-k-no
排隊拉麵 人類みな麵類,4.2,5415,"¥1,000-2,0",https://lh3.googleusercontent.com/p/AF1QipO1guRaDvaRRa7Otz02DpjKUGcXLxe5gjHSl7HJ=w138-h92-k-no
Tempura Matsu,4.3,318,"超過 ¥10,0",https://lh3.googleusercontent.com/gps-cs-s/AG0ilSz5hdQCHYuSO80jYhGyVg0NZfwbAT_q5rYK_6NVGgJPC6A0sYnQFr3WuBQBBwAxaGiZZucmn_ee3IggsLMGREUmt1E0UKGCgMwa7OC1hwmGwE1_1shq_411SSLokewq733eAFhV=w122-h92-k-no
Naniwa Menjiro,4.2,1394,"¥1,000-2,0",https://lh3.googleusercontent.com/gps-cs-s/AG0ilSyQEr1hKCM_OHy10zgktHlyqPeHPYYSQZI-_e72bLNSuebkWsPAoGfoLaKsfq0cz7VbxUp-BfllhCPBMaNBi320sOVyi-1BfJelkodAcMKzcNzUQfFAxg8Ntb5mqJgt4jDlQ5xricKhkSI=w122-h92-k-no
EUREKA!,4.6,125,"超過 ¥10,0",https://lh3.googleusercontent.com/p/AF1QipP_KGXoMTRAYjE1yQTM1QLIMnYQ39DUQ3VugrbN=w137-h92-k-no
富喜製麺研究所 六本木店,3.5,621,"¥1,000-2,0",https://lh3.googleusercontent.com/p/AF1QipPAPCxgTB3adB5pvPMTdGILAaVwccqw9xPGXAs3=w92-h92-k-no
左門 雞高湯黑輪,3.8,566,"¥3,000-4,0",https://lh3.googleusercontent.com/gps-cs-s/AG0ilSzsEhytLFUj7lX91iuvv1jvuk3lZCVTKo5Itwxii_NBo5teRQCHB1GXILfEz_0mWUuPp94oEalaKMIoMN9oX6gIG-TT9mppq4hQF9tVlmFquuY9hZPM_35wIPPP_m2iq_GOmlPXFQ=w122-h92-k-no
麥與橄欖 銀座店,4.1,2774,"¥1,000-2,0",https://lh3.googleusercontent.com/gps-cs-s/AG0ilSyJ-H1fsn7riOU--_VN2ULI75L8GGrDiSvoUxRLxD434Yds53eCkbYpKdmYnve9-bUvwHbxb22nGx6NM663ONLO-gVys0R6I9Dfecyf_QnUDf4HmRBJBJXm7k1Vf4L2OI4rH2UYRaYmpjW5=w122-h92-k-no
SEU Pizza,4.4,4139,€20-30,https://lh3.googleusercontent.com/p/AF1QipOpEnaD0AgGINDdynEGdcv5E0wuMf9oP3zNOjmG=w137-h92-k-no
Bonci Pizzarium,4.1,13531,€10-20,https://lh3.googleusercontent.com/gps-cs-s/AG0ilSzCUxldRLZxLh-aeCHnkGbMbQq_RvfvBR2H3UmWd6LbUHkXiMROWG-g0gwv1nfIzaJInE7I_uzLEMv3HbGOxBcyi6VgsYMkoHqnLTciIIg75rVovJEF3m_XI4j3TmCKGbLrgcpwh4iMn2c=w80-h93-k-no
Trattoria Da Enzo al 29,4.3,9322,€20-30,https://lh3.googleusercontent.com/gps-cs-s/AG0ilSyEKvx1BxD5qJuaGLqEjYltsUm-BI259QwoRr1_b6cQDzAQQqkhzBHuQlpERszLKy76t-Z16055CZcZe6SSdfUOPRJ_B6nAyFjpegJ6sQlOUS6qBnXp6w5qeLtWs-xtDhv6VNZU=w80-h106-k-no
外灘５號,,,,https://lh3.googleusercontent.com/gps-cs-s/AG0ilSz2vGTiqo9iUfnnQvqWSA_MEfu3NNSctnZ2Ji5yfDSLNg6NgNZ5BDmvWZGc0x4l1RbworVe2QbnMpaDK6fV0C5IWbzfOBhGo-FaJ1oB_4OqQYEEDq5Tz_xog0xbt7eD4i6ssZW-yg=w122-h92-k-no
新榮記,4.7,11,,https://lh3.googleusercontent.com/gps-cs-s/AG0ilSz7zcdUYAvT0noXOjucDNSIWsvfI_ShLYj4B6uhxgrrh7hfljso_Qg6_zFxgJPeVaebkdqvfeAR8atkcWBJVJJ0PwcpTW87S7zxT2HE1P-uJLmKz7toCpQfKvLrLECepPmVB3Vy=w80-h106-k-no
"31°14'25.7N 121°28'39.9""E""",,,,https://maps.gstatic.com/tactile/pane/result-no-thumbnail-1x.png
弄堂麵館,4.8,47,,https://lh3.googleusercontent.com/gps-cs-s/AG0ilSy3N8crbdM6L8IGgZlHxpLfNKJYvVQQaak3zXCpPiNEA0jHVz9f1DNOc6XXplHEYfdd5ka-zE3AAoM7p1Fm44KMiFwc2IPtPmqI5OcFDbTBqn9BEaNCL9i_CpmKeuimxa3JYQw8xvL_rFc=w122-h92-k-no
番禺路504号,,,,https://maps.gstatic.com/tactile/pane/result-no-thumbnail-1x.png
Sushi Kosuke,4.6,117,"超過 ¥10,0",https://lh3.googleusercontent.com/gps-cs-s/AG0ilSyyaV1_yVIO0bZX9HtgSkSkiNIIrE2kMgqikKqhLFuWVea1VhtFRkZN2uyEA7E9VibqQUTLXjPDw2v0tzFf_oHPncFwrpKF17rQbGBJSj2BF2wqYGhQs9cD3B13PWNdPkO_qbs=w164-h92-k-no
餃子 沖繩之味,4.6,143,"¥2,000-3,0",https://lh3.googleusercontent.com/p/AF1QipPKLZtres4BfrdiDVuqWJ3Ik2WaVcZipgqLb1S9=w80-h97-k-no
Hirosaku,4.5,59,"¥5,000-6,0",https://lh3.googleusercontent.com/gps-cs-s/AG0ilSz5aShPBbiR2mG2fRxFncSH0jy6_1JvC2qK2dxazeO9V3-b9w36D7jz-at0r5jzW7dblRcAwkyU6sS9TnsrYMuo6daxyIWYlnJFvN4ufR8hnl3s9qQEl6XEccyfoSLNLxcfNc2E=w80-h106-k-no
Yakitori Ichimatsu,4.4,297,"超過 ¥10,0",https://lh3.googleusercontent.com/gps-cs-s/AG0ilSzeCtFsXNg6Ahn9__Hii_vKoo-nBb-PIsRNRTE--ekaVBVqRtpb2cGGX8g2Q3WH5TuvOCeAJhzbNcWLyzAPP-qz9XNsGIIcYu4Br6eOwYw2fO_wwR0QcqfksPHMDXP2gzN-XI0=w163-h92-k-no
立吞壽司 鮨隣,4.2,168,"超過 ¥10,0",https://lh3.googleusercontent.com/gps-cs-s/AG0ilSxk1Jq2reUJojuZfLdibWO8WRGkKv0z1h5hlRVKuhV-afDU0Gv8zdbkH1Hjz7E7VoTWpG2mWopFJYpEnVnCh9YzOyYlazNnEIn82IyBSVtM1wp2RjGrRga9bZm3A6NRgBuidHR9V0S23oqU=w122-h92-k-no
小松 彌助,4.6,537,"超過 ¥10,0",https://lh3.googleusercontent.com/gps-cs-s/AG0ilSz84QkSS7Dy_pmgYZ8dXLawhzgfPsvBg8YlvNBmDW12yT0xFDQpsvrgWQRvEVSmeyXA5r-4zFppDPvpJvb1xAbHW9fgliBghkW047Sfx-5y72UlINq4Z7ZVlbMo9Rjovyej6aUlGQ=w122-h92-k-no
Saikoh,4.5,76,"超過 ¥10,0",https://lh3.googleusercontent.com/p/AF1QipPPkJGBHHC3PhZ6ewXslC7uIxrJ9qMnEqYAgvfK=w138-h92-k-no
Toriyaki Ohana,4.7,79,"超過 ¥10,0",https://lh3.googleusercontent.com/gps-cs-s/AG0ilSzkyKuv8mr6sUSMDIhBAT1HqbC4aDePVmK8toF65_xUA-W9f0FMhIoI-V5qDegJWoEFicn-zZwZ2FCsUUcZlUQ45QhINBhQa9KRkXbf9wzpK4Qm_BcFNiagDcx7e-aHCFLryofJgig9PNo=w80-h142-k-no
Toritsuki,4.5,35,"超過 ¥10,0",https://lh3.googleusercontent.com/gps-cs-s/AG0ilSxbFDWX_Q3dGLWoooyodJ6W2XcxrtiH2xvlGqOF8_xJBor7574JermtECTwRbYx7NOfzXoVoxAlFb4VXu6z6a8MgYSCzZxJZYHxdCxaQydmdBluxwKdR1HiC8kDXmAt2P8gB8Rs=w80-h97-k-no
Gen Yamamoto,4.5,340,"¥9,000-10,0",https://lh3.googleusercontent.com/gps-cs-s/AG0ilSyYUvN-sUC6QsLYY8DvM86SovubjmCntqyyfPsoZB8t1x6Umk5tqo0rzKjvj86l37qS0lTexL6ZSMKP5ibkEUvRDtzClsjeTtFYGq_d5q5kbZpw0TQQRF9vUDIBcONjhgetezMvkA=w122-h92-k-no
Ramen Oyster And Shell,4.6,2155,"¥1,000-2,0",https://lh3.googleusercontent.com/gps-cs-s/AG0ilSxfXwCTLsoa8lYvZ_cnbn9zAcw78hRM9l4CstY6FL51ysLATmdHT_SbTCSo0P_dWjv1IdPSBpImWgglzy-J1qGoQUQ7MiW0xyUvMYMAWccOxXNYYIdTXgynCc8WEZwAHADk3M5npbJGnuNH=w163-h92-k-no
Dashi no Toriko,3.8,109,,https://lh3.googleusercontent.com/gps-cs-s/AG0ilSzXlw2M1dZ0PJB1pGlo7l-pQCYgfF2kR2C5I92eZy1t7ji3eR1A44KzSE6VXXayGqd-CKduasmZIcL-xl4GAAPtGC4Z3QxzLrIJK_Z0E4tbrYR8L8iBL7Tc0s3kDN4yh3Ckdq8k=w122-h92-k-no
